index,Dyad,Round,Player,Answer,Time,a11,a12,a13,a14,a15,a16,a17,a18,a21,a22,a23,a24,a25,a26,a27,a28,a31,a32,a33,a34,a35,a36,a37,a38,a41,a42,a43,a44,a45,a46,a47,a48,a51,a52,a53,a54,a55,a56,a57,a58,a61,a62,a63,a64,a65,a66,a67,a68,a71,a72,a73,a74,a75,a76,a77,a78,a81,a82,a83,a84,a85,a86,a87,a88,Score,Joint,Is_there,where_x,where_y,Strategy,Is_there_LEAD,Category,Category1,RegionGo,indice,Cambio,avScGrpUniPresent,avScGrpUniPresent_LEAD,Ac_Score,Norm_Score,Size_visited,Consistency,Total_visited_dyad,Dif_consist,DLIndex,Similarity,Norm_Score_LAG1,Consistency_LAG1,Dif_consist_LAG1,Joint_LAG1,Similarity_LAG1
0,80011907,1,190792,Absent,49,0,0,1,0,1,1,1,1,0,1,0,0,1,0,1,0,1,1,1,0,0,1,0,0,1,0,1,0,1,0,1,1,1,1,1,1,0,1,1,1,0,0,0,0,0,1,0,0,1,1,1,0,1,1,1,0,0,0,1,0,1,0,0,1,13,19,Unicorn_Absent,-1,-1,9,Unicorn_Absent,RS,RS,NOTHING,0,0,30.314285714285713,30.314285714285713,13,0.88125,34.0,,56.0,,0.578125,0.005034190088132767,,,,,
1,80011907,2,190792,Absent,0,0,0,0,0,0,0,0,0,0,0,0,0,0,0,0,0,0,0,0,0,0,0,0,0,0,0,0,0,0,0,0,0,0,0,0,0,0,0,0,0,0,0,0,0,0,0,0,0,0,0,0,0,0,0,0,0,0,0,0,0,0,0,0,0,32,0,Unicorn_Absent,-1,-1,2,Unicorn_Absent,NOTHING,NOTHING,NOTHING,1,0,30.314285714285713,30.314285714285713,45,1.0,0.0,0.0,32.0,0.46,0.5,1.0,0.88125,,,19,0.005034190088132767
2,80011907,3,190792,Absent,0,0,0,0,0,0,0,0,0,0,0,0,0,0,0,0,0,0,0,0,0,0,0,0,0,0,0,0,0,0,0,0,0,0,0,0,0,0,0,0,0,0,0,0,0,0,0,0,0,0,0,0,0,0,0,0,0,0,0,0,0,0,0,0,0,-64,0,Unicorn_Absent,-1,-1,2,Unicorn_Present,NOTHING,NOTHING,RS,2,0,30.314285714285713,-64.0,-19,0.4,0.0,1.0,32.0,0.0,0.5,1.0,1.0,0.0,0.46,0,1.0
4,80011907,5,190792,Absent,30,0,0,1,1,0,0,0,0,0,0,1,1,0,0,0,0,0,1,0,0,0,0,0,0,0,0,1,0,0,1,0,0,0,0,1,1,1,1,0,0,1,1,0,1,0,1,0,0,0,1,0,0,1,0,0,1,1,0,1,0,1,1,1,1,8,24,Unicorn_Absent,-1,-1,9,Unicorn_Present,RS,RS,LEFT,4,0,30.314285714285713,28.0,-11,0.85,24.0,0.0,64.0,0.5,0.625,0.009182867495108389,0.4,1.0,0.0,0,1.0
6,80011907,7,190792,Absent,32,1,1,1,1,0,0,0,0,1,1,1,1,0,0,0,0,1,1,1,1,0,0,0,0,1,1,1,1,0,0,0,0,1,1,1,1,0,0,0,0,1,1,1,1,0,0,0,0,1,1,1,1,0,0,0,0,1,1,1,1,0,0,0,0,16,16,Unicorn_Absent,-1,-1,5,Unicorn_Present,LEFT,LEFT,NOTHING,6,0,30.314285714285713,32.0,5,0.9,32.0,0.3333333333333333,48.0,0.16666666666666669,0.5,1.0,0.85,0.0,0.5,24,0.009182867495108389
8,80011907,9,190792,Absent,0,0,0,0,0,0,0,0,0,0,0,0,0,0,0,0,0,0,0,0,0,0,0,0,0,0,0,0,0,0,0,0,0,0,0,0,0,0,0,0,0,0,0,0,0,0,0,0,0,0,0,0,0,0,0,0,0,0,0,0,0,0,0,0,0,32,0,Unicorn_Absent,-1,-1,2,Unicorn_Present,NOTHING,NOTHING,NOTHING,8,0,30.314285714285713,32.0,37,1.0,0.0,0.0,32.0,0.3333333333333333,0.5,1.0,0.9,0.3333333333333333,0.16666666666666669,16,1.0
10,80011907,11,190792,Absent,0,0,0,0,0,0,0,0,0,0,0,0,0,0,0,0,0,0,0,0,0,0,0,0,0,0,0,0,0,0,0,0,0,0,0,0,0,0,0,0,0,0,0,0,0,0,0,0,0,0,0,0,0,0,0,0,0,0,0,0,0,0,0,0,0,32,0,Unicorn_Absent,-1,-1,2,Unicorn_Absent,NOTHING,NOTHING,NOTHING,10,0,30.314285714285713,30.314285714285713,69,1.0,0.0,1.0,32.0,0.0,0.5,1.0,1.0,0.0,0.3333333333333333,0,1.0
11,80011907,12,190792,Absent,0,0,0,0,0,0,0,0,0,0,0,0,0,0,0,0,0,0,0,0,0,0,0,0,0,0,0,0,0,0,0,0,0,0,0,0,0,0,0,0,0,0,0,0,0,0,0,0,0,0,0,0,0,0,0,0,0,0,0,0,0,0,0,0,0,32,0,Unicorn_Absent,-1,-1,2,Unicorn_Absent,NOTHING,NOTHING,NOTHING,11,0,30.314285714285713,30.314285714285713,101,1.0,0.0,1.0,32.0,0.0,0.5,1.0,1.0,1.0,0.0,0,1.0
12,80011907,13,190792,Absent,0,0,0,0,0,0,0,0,0,0,0,0,0,0,0,0,0,0,0,0,0,0,0,0,0,0,0,0,0,0,0,0,0,0,0,0,0,0,0,0,0,0,0,0,0,0,0,0,0,0,0,0,0,0,0,0,0,0,0,0,0,0,0,0,0,32,0,Unicorn_Absent,-1,-1,2,Unicorn_Absent,NOTHING,NOTHING,NOTHING,12,0,30.314285714285713,30.314285714285713,133,1.0,0.0,1.0,32.0,0.0,0.5,1.0,1.0,1.0,0.0,0,1.0
13,80011907,14,190792,Absent,0,0,0,0,0,0,0,0,0,0,0,0,0,0,0,0,0,0,0,0,0,0,0,0,0,0,0,0,0,0,0,0,0,0,0,0,0,0,0,0,0,0,0,0,0,0,0,0,0,0,0,0,0,0,0,0,0,0,0,0,0,0,0,0,0,32,0,Unicorn_Absent,-1,-1,2,Unicorn_Absent,NOTHING,NOTHING,NOTHING,13,0,30.314285714285713,30.314285714285713,165,1.0,0.0,1.0,32.0,0.0,0.5,1.0,1.0,1.0,0.0,0,1.0
14,80011907,15,190792,Absent,0,0,0,0,0,0,0,0,0,0,0,0,0,0,0,0,0,0,0,0,0,0,0,0,0,0,0,0,0,0,0,0,0,0,0,0,0,0,0,0,0,0,0,0,0,0,0,0,0,0,0,0,0,0,0,0,0,0,0,0,0,0,0,0,0,-64,0,Unicorn_Absent,-1,-1,2,Unicorn_Present,NOTHING,NOTHING,LEFT,14,0,30.314285714285713,-64.0,101,0.4,0.0,1.0,32.0,0.0,0.5,1.0,1.0,1.0,0.0,0,1.0
16,80011907,17,190792,Absent,32,1,1,1,1,0,0,0,0,1,1,1,1,0,0,0,0,1,1,1,1,0,0,0,0,1,1,1,1,0,0,0,0,1,1,1,1,0,0,0,0,1,1,1,1,0,0,0,0,1,1,1,1,0,0,0,0,1,1,1,1,0,0,0,0,32,0,Unicorn_Absent,-1,-1,5,Unicorn_Absent,LEFT,LEFT,LEFT,16,0,30.314285714285713,30.314285714285713,133,1.0,32.0,0.0,64.0,0.0,1.0,1.0,0.4,1.0,0.0,0,1.0
17,80011907,18,190792,Absent,32,1,1,1,1,0,0,0,0,1,1,1,1,0,0,0,0,1,1,1,1,0,0,0,0,1,1,1,1,0,0,0,0,1,1,1,1,0,0,0,0,1,1,1,1,0,0,0,0,1,1,1,1,0,0,0,0,1,1,1,1,0,0,0,0,32,0,Unicorn_Absent,-1,-1,5,Unicorn_Absent,LEFT,LEFT,LEFT,17,0,30.314285714285713,30.314285714285713,165,1.0,32.0,1.0,64.0,0.0,1.0,1.0,1.0,0.0,0.0,0,1.0
18,80011907,19,190792,Absent,32,1,1,1,1,0,0,0,0,1,1,1,1,0,0,0,0,1,1,1,1,0,0,0,0,1,1,1,1,0,0,0,0,1,1,1,1,0,0,0,0,1,1,1,1,0,0,0,0,1,1,1,1,0,0,0,0,1,1,1,1,0,0,0,0,32,0,Unicorn_Absent,-1,-1,5,Unicorn_Present,LEFT,LEFT,LEFT,18,0,30.314285714285713,32.0,197,1.0,32.0,1.0,64.0,0.0,1.0,1.0,1.0,1.0,0.0,0,1.0
21,80011907,22,190792,Absent,32,1,1,1,1,0,0,0,0,1,1,1,1,0,0,0,0,1,1,1,1,0,0,0,0,1,1,1,1,0,0,0,0,1,1,1,1,0,0,0,0,1,1,1,1,0,0,0,0,1,1,1,1,0,0,0,0,1,1,1,1,0,0,0,0,32,0,Unicorn_Absent,-1,-1,5,Unicorn_Present,LEFT,LEFT,LEFT,21,0,30.314285714285713,32.0,229,1.0,32.0,1.0,64.0,0.0,1.0,1.0,1.0,1.0,0.0,0,1.0
24,80011907,25,190792,Absent,32,1,1,1,1,0,0,0,0,1,1,1,1,0,0,0,0,1,1,1,1,0,0,0,0,1,1,1,1,0,0,0,0,1,1,1,1,0,0,0,0,1,1,1,1,0,0,0,0,1,1,1,1,0,0,0,0,1,1,1,1,0,0,0,0,32,0,Unicorn_Absent,-1,-1,5,Unicorn_Present,LEFT,LEFT,LEFT,24,0,30.314285714285713,32.0,261,1.0,32.0,1.0,64.0,0.0,1.0,1.0,1.0,1.0,0.0,0,1.0
26,80011907,27,190792,Absent,32,1,1,1,1,0,0,0,0,1,1,1,1,0,0,0,0,1,1,1,1,0,0,0,0,1,1,1,1,0,0,0,0,1,1,1,1,0,0,0,0,1,1,1,1,0,0,0,0,1,1,1,1,0,0,0,0,1,1,1,1,0,0,0,0,32,0,Unicorn_Absent,-1,-1,5,Unicorn_Present,LEFT,LEFT,LEFT,26,0,30.314285714285713,32.0,293,1.0,32.0,1.0,64.0,0.0,1.0,1.0,1.0,1.0,0.0,0,1.0
28,80011907,29,190792,Absent,32,1,1,1,1,0,0,0,0,1,1,1,1,0,0,0,0,1,1,1,1,0,0,0,0,1,1,1,1,0,0,0,0,1,1,1,1,0,0,0,0,1,1,1,1,0,0,0,0,1,1,1,1,0,0,0,0,1,1,1,1,0,0,0,0,32,0,Unicorn_Absent,-1,-1,5,Unicorn_Absent,LEFT,LEFT,LEFT,28,0,30.314285714285713,30.314285714285713,325,1.0,32.0,1.0,64.0,0.0,1.0,1.0,1.0,1.0,0.0,0,1.0
29,80011907,30,190792,Absent,32,1,1,1,1,0,0,0,0,1,1,1,1,0,0,0,0,1,1,1,1,0,0,0,0,1,1,1,1,0,0,0,0,1,1,1,1,0,0,0,0,1,1,1,1,0,0,0,0,1,1,1,1,0,0,0,0,1,1,1,1,0,0,0,0,32,0,Unicorn_Absent,-1,-1,5,Unicorn_Absent,LEFT,LEFT,LEFT,29,0,30.314285714285713,30.314285714285713,357,1.0,32.0,1.0,64.0,0.0,1.0,1.0,1.0,1.0,0.0,0,1.0
30,80011907,31,190792,Absent,32,1,1,1,1,0,0,0,0,1,1,1,1,0,0,0,0,1,1,1,1,0,0,0,0,1,1,1,1,0,0,0,0,1,1,1,1,0,0,0,0,1,1,1,1,0,0,0,0,1,1,1,1,0,0,0,0,1,1,1,1,0,0,0,0,32,0,Unicorn_Absent,-1,-1,5,Unicorn_Absent,LEFT,LEFT,LEFT,30,0,30.314285714285713,30.314285714285713,389,1.0,32.0,1.0,64.0,0.0,1.0,1.0,1.0,1.0,0.0,0,1.0
31,80011907,32,190792,Absent,32,1,1,1,1,0,0,0,0,1,1,1,1,0,0,0,0,1,1,1,1,0,0,0,0,1,1,1,1,0,0,0,0,1,1,1,1,0,0,0,0,1,1,1,1,0,0,0,0,1,1,1,1,0,0,0,0,1,1,1,1,0,0,0,0,32,0,Unicorn_Absent,-1,-1,5,Unicorn_Absent,LEFT,LEFT,LEFT,31,0,30.314285714285713,30.314285714285713,421,1.0,32.0,1.0,64.0,0.0,1.0,1.0,1.0,1.0,0.0,0,1.0
32,80011907,33,190792,Absent,32,1,1,1,1,0,0,0,0,1,1,1,1,0,0,0,0,1,1,1,1,0,0,0,0,1,1,1,1,0,0,0,0,1,1,1,1,0,0,0,0,1,1,1,1,0,0,0,0,1,1,1,1,0,0,0,0,1,1,1,1,0,0,0,0,32,0,Unicorn_Absent,-1,-1,5,Unicorn_Absent,LEFT,LEFT,LEFT,32,0,30.314285714285713,30.314285714285713,453,1.0,32.0,1.0,64.0,0.0,1.0,1.0,1.0,1.0,0.0,0,1.0
33,80011907,34,190792,Absent,32,1,1,1,1,0,0,0,0,1,1,1,1,0,0,0,0,1,1,1,1,0,0,0,0,1,1,1,1,0,0,0,0,1,1,1,1,0,0,0,0,1,1,1,1,0,0,0,0,1,1,1,1,0,0,0,0,1,1,1,1,0,0,0,0,32,0,Unicorn_Absent,-1,-1,5,Unicorn_Present,LEFT,LEFT,LEFT,33,0,30.314285714285713,32.0,485,1.0,32.0,1.0,64.0,0.0,1.0,1.0,1.0,1.0,0.0,0,1.0
35,80011907,36,190792,Absent,32,1,1,1,1,0,0,0,0,1,1,1,1,0,0,0,0,1,1,1,1,0,0,0,0,1,1,1,1,0,0,0,0,1,1,1,1,0,0,0,0,1,1,1,1,0,0,0,0,1,1,1,1,0,0,0,0,1,1,1,1,0,0,0,0,32,0,Unicorn_Absent,-1,-1,5,Unicorn_Present,LEFT,LEFT,LEFT,35,0,30.314285714285713,32.0,517,1.0,32.0,1.0,64.0,0.0,1.0,1.0,1.0,1.0,0.0,0,1.0
37,80011907,38,190792,Absent,32,1,1,1,1,0,0,0,0,1,1,1,1,0,0,0,0,1,1,1,1,0,0,0,0,1,1,1,1,0,0,0,0,1,1,1,1,0,0,0,0,1,1,1,1,0,0,0,0,1,1,1,1,0,0,0,0,1,1,1,1,0,0,0,0,32,0,Unicorn_Absent,-1,-1,5,Unicorn_Present,LEFT,LEFT,LEFT,37,0,30.314285714285713,32.0,549,1.0,32.0,1.0,64.0,0.0,1.0,1.0,1.0,1.0,0.0,0,1.0
42,80011907,43,190792,Absent,32,1,1,1,1,0,0,0,0,1,1,1,1,0,0,0,0,1,1,1,1,0,0,0,0,1,1,1,1,0,0,0,0,1,1,1,1,0,0,0,0,1,1,1,1,0,0,0,0,1,1,1,1,0,0,0,0,1,1,1,1,0,0,0,0,32,0,Unicorn_Absent,-1,-1,5,Unicorn_Absent,LEFT,LEFT,LEFT,42,0,30.314285714285713,30.314285714285713,581,1.0,32.0,1.0,64.0,0.0,1.0,1.0,1.0,1.0,0.0,0,1.0
43,80011907,44,190792,Absent,32,1,1,1,1,0,0,0,0,1,1,1,1,0,0,0,0,1,1,1,1,0,0,0,0,1,1,1,1,0,0,0,0,1,1,1,1,0,0,0,0,1,1,1,1,0,0,0,0,1,1,1,1,0,0,0,0,1,1,1,1,0,0,0,0,32,0,Unicorn_Absent,-1,-1,5,Unicorn_Absent,LEFT,LEFT,LEFT,43,0,30.314285714285713,30.314285714285713,613,1.0,32.0,1.0,64.0,0.0,1.0,1.0,1.0,1.0,0.0,0,1.0
44,80011907,45,190792,Absent,32,1,1,1,1,0,0,0,0,1,1,1,1,0,0,0,0,1,1,1,1,0,0,0,0,1,1,1,1,0,0,0,0,1,1,1,1,0,0,0,0,1,1,1,1,0,0,0,0,1,1,1,1,0,0,0,0,1,1,1,1,0,0,0,0,32,0,Unicorn_Absent,-1,-1,5,Unicorn_Present,LEFT,LEFT,LEFT,44,0,30.314285714285713,32.0,645,1.0,32.0,1.0,64.0,0.0,1.0,1.0,1.0,1.0,0.0,0,1.0
46,80011907,47,190792,Absent,32,1,1,1,1,0,0,0,0,1,1,1,1,0,0,0,0,1,1,1,1,0,0,0,0,1,1,1,1,0,0,0,0,1,1,1,1,0,0,0,0,1,1,1,1,0,0,0,0,1,1,1,1,0,0,0,0,1,1,1,1,0,0,0,0,32,0,Unicorn_Absent,-1,-1,5,Unicorn_Absent,LEFT,LEFT,LEFT,46,0,30.314285714285713,30.314285714285713,677,1.0,32.0,1.0,64.0,0.0,1.0,1.0,1.0,1.0,0.0,0,1.0
47,80011907,48,190792,Absent,32,1,1,1,1,0,0,0,0,1,1,1,1,0,0,0,0,1,1,1,1,0,0,0,0,1,1,1,1,0,0,0,0,1,1,1,1,0,0,0,0,1,1,1,1,0,0,0,0,1,1,1,1,0,0,0,0,1,1,1,1,0,0,0,0,32,0,Unicorn_Absent,-1,-1,5,Unicorn_Absent,LEFT,LEFT,LEFT,47,0,30.314285714285713,30.314285714285713,709,1.0,32.0,1.0,64.0,0.0,1.0,1.0,1.0,1.0,0.0,0,1.0
48,80011907,49,190792,Absent,32,1,1,1,1,0,0,0,0,1,1,1,1,0,0,0,0,1,1,1,1,0,0,0,0,1,1,1,1,0,0,0,0,1,1,1,1,0,0,0,0,1,1,1,1,0,0,0,0,1,1,1,1,0,0,0,0,1,1,1,1,0,0,0,0,32,0,Unicorn_Absent,-1,-1,5,Unicorn_Present,LEFT,LEFT,LEFT,48,0,30.314285714285713,32.0,741,1.0,32.0,1.0,64.0,0.0,1.0,1.0,1.0,1.0,0.0,0,1.0
51,80011907,52,190792,Absent,32,1,1,1,1,0,0,0,0,1,1,1,1,0,0,0,0,1,1,1,1,0,0,0,0,1,1,1,1,0,0,0,0,1,1,1,1,0,0,0,0,1,1,1,1,0,0,0,0,1,1,1,1,0,0,0,0,1,1,1,1,0,0,0,0,32,0,Unicorn_Absent,-1,-1,5,Unicorn_Absent,LEFT,LEFT,LEFT,51,0,30.314285714285713,30.314285714285713,773,1.0,32.0,1.0,64.0,0.0,1.0,1.0,1.0,1.0,0.0,0,1.0
52,80011907,53,190792,Absent,32,1,1,1,1,0,0,0,0,1,1,1,1,0,0,0,0,1,1,1,1,0,0,0,0,1,1,1,1,0,0,0,0,1,1,1,1,0,0,0,0,1,1,1,1,0,0,0,0,1,1,1,1,0,0,0,0,1,1,1,1,0,0,0,0,32,0,Unicorn_Absent,-1,-1,5,Unicorn_Present,LEFT,LEFT,LEFT,52,0,30.314285714285713,32.0,805,1.0,32.0,1.0,64.0,0.0,1.0,1.0,1.0,1.0,0.0,0,1.0
54,80011907,55,190792,Absent,32,1,1,1,1,0,0,0,0,1,1,1,1,0,0,0,0,1,1,1,1,0,0,0,0,1,1,1,1,0,0,0,0,1,1,1,1,0,0,0,0,1,1,1,1,0,0,0,0,1,1,1,1,0,0,0,0,1,1,1,1,0,0,0,0,32,0,Unicorn_Absent,-1,-1,5,Unicorn_Present,LEFT,LEFT,LEFT,54,0,30.314285714285713,32.0,837,1.0,32.0,1.0,64.0,0.0,1.0,1.0,1.0,1.0,0.0,0,1.0
56,80011907,57,190792,Absent,32,1,1,1,1,0,0,0,0,1,1,1,1,0,0,0,0,1,1,1,1,0,0,0,0,1,1,1,1,0,0,0,0,1,1,1,1,0,0,0,0,1,1,1,1,0,0,0,0,1,1,1,1,0,0,0,0,1,1,1,1,0,0,0,0,32,0,Unicorn_Absent,-1,-1,5,Unicorn_Present,LEFT,LEFT,,56,0,30.314285714285713,32.0,869,1.0,32.0,1.0,64.0,0.0,1.0,1.0,1.0,1.0,0.0,0,1.0
60,80011907,1,800111,Absent,59,1,1,1,1,0,0,1,1,0,1,1,1,1,1,1,0,1,1,0,1,0,1,1,0,1,1,0,1,0,1,1,0,1,0,0,0,1,0,0,0,1,1,1,1,0,1,0,0,0,0,1,1,1,1,1,1,1,0,1,1,0,1,1,1,13,19,Unicorn_Absent,-1,-1,0,Unicorn_Absent,RS,RS,LEFT,60,0,30.314285714285713,30.314285714285713,13,0.88125,41.0,,56.0,,0.578125,0.008264124158046258,,,,,
61,80011907,2,800111,Absent,32,1,1,1,1,0,0,0,0,1,1,1,1,0,0,0,0,1,1,1,1,0,0,0,0,1,1,1,1,0,0,0,0,1,1,1,1,0,0,0,0,1,1,1,1,0,0,0,0,1,1,1,1,0,0,0,0,1,1,1,1,0,0,0,0,32,0,Unicorn_Absent,-1,-1,5,Unicorn_Absent,LEFT,LEFT,LEFT,61,0,30.314285714285713,30.314285714285713,45,1.0,32.0,0.46,32.0,0.46,0.5,1.0,0.88125,,,19,0.008264124158046258
62,80011907,3,800111,Absent,32,1,1,1,1,0,0,0,0,1,1,1,1,0,0,0,0,1,1,1,1,0,0,0,0,1,1,1,1,0,0,0,0,1,1,1,1,0,0,0,0,1,1,1,1,0,0,0,0,1,1,1,1,0,0,0,0,1,1,1,1,0,0,0,0,-64,0,Unicorn_Absent,-1,-1,5,Unicorn_Present,LEFT,LEFT,ALL,62,0,30.314285714285713,-64.0,-19,0.4,32.0,1.0,32.0,0.0,0.5,1.0,1.0,0.46,0.46,0,1.0
64,80011907,5,800111,Absent,64,1,1,1,1,1,1,1,1,1,1,1,1,1,1,1,1,1,1,1,1,1,1,1,1,1,1,1,1,1,1,1,1,1,1,1,1,1,1,1,1,1,1,1,1,1,1,1,1,1,1,1,1,1,1,1,1,1,1,1,1,1,1,1,1,8,24,Unicorn_Absent,-1,-1,1,Unicorn_Present,ALL,ALL,UP,64,0,30.314285714285713,28.0,-11,0.85,64.0,0.5,64.0,0.5,0.625,1.0,0.4,1.0,0.0,0,1.0
66,80011907,7,800111,Absent,32,1,1,1,1,1,1,1,1,1,1,1,1,1,1,1,1,1,1,1,1,1,1,1,1,1,1,1,1,1,1,1,1,0,0,0,0,0,0,0,0,0,0,0,0,0,0,0,0,0,0,0,0,0,0,0,0,0,0,0,0,0,0,0,0,16,16,Unicorn_Absent,-1,-1,4,Unicorn_Present,UP,UP,LEFT,66,0,30.314285714285713,32.0,5,0.9,32.0,0.5,48.0,0.16666666666666669,0.5,1.0,0.85,0.5,0.5,24,1.0
68,80011907,9,800111,Absent,32,1,1,1,1,0,0,0,0,1,1,1,1,0,0,0,0,1,1,1,1,0,0,0,0,1,1,1,1,0,0,0,0,1,1,1,1,0,0,0,0,1,1,1,1,0,0,0,0,1,1,1,1,0,0,0,0,1,1,1,1,0,0,0,0,32,0,Unicorn_Absent,-1,-1,5,Unicorn_Present,LEFT,LEFT,LEFT,68,0,30.314285714285713,32.0,37,1.0,32.0,0.3333333333333333,32.0,0.3333333333333333,0.5,1.0,0.9,0.5,0.16666666666666669,16,1.0
70,80011907,11,800111,Absent,32,1,1,1,1,0,0,0,0,1,1,1,1,0,0,0,0,1,1,1,1,0,0,0,0,1,1,1,1,0,0,0,0,1,1,1,1,0,0,0,0,1,1,1,1,0,0,0,0,1,1,1,1,0,0,0,0,1,1,1,1,0,0,0,0,32,0,Unicorn_Absent,-1,-1,5,Unicorn_Absent,LEFT,LEFT,LEFT,70,0,30.314285714285713,30.314285714285713,69,1.0,32.0,1.0,32.0,0.0,0.5,1.0,1.0,0.3333333333333333,0.3333333333333333,0,1.0
71,80011907,12,800111,Absent,32,1,1,1,1,0,0,0,0,1,1,1,1,0,0,0,0,1,1,1,1,0,0,0,0,1,1,1,1,0,0,0,0,1,1,1,1,0,0,0,0,1,1,1,1,0,0,0,0,1,1,1,1,0,0,0,0,1,1,1,1,0,0,0,0,32,0,Unicorn_Absent,-1,-1,5,Unicorn_Absent,LEFT,LEFT,LEFT,71,0,30.314285714285713,30.314285714285713,101,1.0,32.0,1.0,32.0,0.0,0.5,1.0,1.0,1.0,0.0,0,1.0
72,80011907,13,800111,Absent,32,1,1,1,1,0,0,0,0,1,1,1,1,0,0,0,0,1,1,1,1,0,0,0,0,1,1,1,1,0,0,0,0,1,1,1,1,0,0,0,0,1,1,1,1,0,0,0,0,1,1,1,1,0,0,0,0,1,1,1,1,0,0,0,0,32,0,Unicorn_Absent,-1,-1,5,Unicorn_Absent,LEFT,LEFT,LEFT,72,0,30.314285714285713,30.314285714285713,133,1.0,32.0,1.0,32.0,0.0,0.5,1.0,1.0,1.0,0.0,0,1.0
73,80011907,14,800111,Absent,32,1,1,1,1,0,0,0,0,1,1,1,1,0,0,0,0,1,1,1,1,0,0,0,0,1,1,1,1,0,0,0,0,1,1,1,1,0,0,0,0,1,1,1,1,0,0,0,0,1,1,1,1,0,0,0,0,1,1,1,1,0,0,0,0,32,0,Unicorn_Absent,-1,-1,5,Unicorn_Absent,LEFT,LEFT,LEFT,73,0,30.314285714285713,30.314285714285713,165,1.0,32.0,1.0,32.0,0.0,0.5,1.0,1.0,1.0,0.0,0,1.0
74,80011907,15,800111,Absent,32,1,1,1,1,0,0,0,0,1,1,1,1,0,0,0,0,1,1,1,1,0,0,0,0,1,1,1,1,0,0,0,0,1,1,1,1,0,0,0,0,1,1,1,1,0,0,0,0,1,1,1,1,0,0,0,0,1,1,1,1,0,0,0,0,-64,0,Unicorn_Absent,-1,-1,5,Unicorn_Present,LEFT,LEFT,RIGHT,74,0,30.314285714285713,-64.0,101,0.4,32.0,1.0,32.0,0.0,0.5,1.0,1.0,1.0,0.0,0,1.0
76,80011907,17,800111,Absent,32,0,0,0,0,1,1,1,1,0,0,0,0,1,1,1,1,0,0,0,0,1,1,1,1,0,0,0,0,1,1,1,1,0,0,0,0,1,1,1,1,0,0,0,0,1,1,1,1,0,0,0,0,1,1,1,1,0,0,0,0,1,1,1,1,32,0,Unicorn_Absent,-1,-1,6,Unicorn_Absent,RIGHT,RIGHT,RIGHT,76,0,30.314285714285713,30.314285714285713,133,1.0,32.0,0.0,64.0,0.0,1.0,1.0,0.4,1.0,0.0,0,1.0
77,80011907,18,800111,Absent,32,0,0,0,0,1,1,1,1,0,0,0,0,1,1,1,1,0,0,0,0,1,1,1,1,0,0,0,0,1,1,1,1,0,0,0,0,1,1,1,1,0,0,0,0,1,1,1,1,0,0,0,0,1,1,1,1,0,0,0,0,1,1,1,1,32,0,Unicorn_Absent,-1,-1,6,Unicorn_Absent,RIGHT,RIGHT,RIGHT,77,0,30.314285714285713,30.314285714285713,165,1.0,32.0,1.0,64.0,0.0,1.0,1.0,1.0,0.0,0.0,0,1.0
78,80011907,19,800111,Absent,32,0,0,0,0,1,1,1,1,0,0,0,0,1,1,1,1,0,0,0,0,1,1,1,1,0,0,0,0,1,1,1,1,0,0,0,0,1,1,1,1,0,0,0,0,1,1,1,1,0,0,0,0,1,1,1,1,0,0,0,0,1,1,1,1,32,0,Unicorn_Absent,-1,-1,6,Unicorn_Present,RIGHT,RIGHT,RIGHT,78,0,30.314285714285713,32.0,197,1.0,32.0,1.0,64.0,0.0,1.0,1.0,1.0,1.0,0.0,0,1.0
81,80011907,22,800111,Absent,32,0,0,0,0,1,1,1,1,0,0,0,0,1,1,1,1,0,0,0,0,1,1,1,1,0,0,0,0,1,1,1,1,0,0,0,0,1,1,1,1,0,0,0,0,1,1,1,1,0,0,0,0,1,1,1,1,0,0,0,0,1,1,1,1,32,0,Unicorn_Absent,-1,-1,6,Unicorn_Present,RIGHT,RIGHT,RIGHT,81,0,30.314285714285713,32.0,229,1.0,32.0,1.0,64.0,0.0,1.0,1.0,1.0,1.0,0.0,0,1.0
84,80011907,25,800111,Absent,32,0,0,0,0,1,1,1,1,0,0,0,0,1,1,1,1,0,0,0,0,1,1,1,1,0,0,0,0,1,1,1,1,0,0,0,0,1,1,1,1,0,0,0,0,1,1,1,1,0,0,0,0,1,1,1,1,0,0,0,0,1,1,1,1,32,0,Unicorn_Absent,-1,-1,6,Unicorn_Present,RIGHT,RIGHT,RIGHT,84,0,30.314285714285713,32.0,261,1.0,32.0,1.0,64.0,0.0,1.0,1.0,1.0,1.0,0.0,0,1.0
86,80011907,27,800111,Absent,32,0,0,0,0,1,1,1,1,0,0,0,0,1,1,1,1,0,0,0,0,1,1,1,1,0,0,0,0,1,1,1,1,0,0,0,0,1,1,1,1,0,0,0,0,1,1,1,1,0,0,0,0,1,1,1,1,0,0,0,0,1,1,1,1,32,0,Unicorn_Absent,-1,-1,6,Unicorn_Present,RIGHT,RIGHT,RIGHT,86,0,30.314285714285713,32.0,293,1.0,32.0,1.0,64.0,0.0,1.0,1.0,1.0,1.0,0.0,0,1.0
88,80011907,29,800111,Absent,32,0,0,0,0,1,1,1,1,0,0,0,0,1,1,1,1,0,0,0,0,1,1,1,1,0,0,0,0,1,1,1,1,0,0,0,0,1,1,1,1,0,0,0,0,1,1,1,1,0,0,0,0,1,1,1,1,0,0,0,0,1,1,1,1,32,0,Unicorn_Absent,-1,-1,6,Unicorn_Absent,RIGHT,RIGHT,RIGHT,88,0,30.314285714285713,30.314285714285713,325,1.0,32.0,1.0,64.0,0.0,1.0,1.0,1.0,1.0,0.0,0,1.0
89,80011907,30,800111,Absent,32,0,0,0,0,1,1,1,1,0,0,0,0,1,1,1,1,0,0,0,0,1,1,1,1,0,0,0,0,1,1,1,1,0,0,0,0,1,1,1,1,0,0,0,0,1,1,1,1,0,0,0,0,1,1,1,1,0,0,0,0,1,1,1,1,32,0,Unicorn_Absent,-1,-1,6,Unicorn_Absent,RIGHT,RIGHT,RIGHT,89,0,30.314285714285713,30.314285714285713,357,1.0,32.0,1.0,64.0,0.0,1.0,1.0,1.0,1.0,0.0,0,1.0
90,80011907,31,800111,Absent,32,0,0,0,0,1,1,1,1,0,0,0,0,1,1,1,1,0,0,0,0,1,1,1,1,0,0,0,0,1,1,1,1,0,0,0,0,1,1,1,1,0,0,0,0,1,1,1,1,0,0,0,0,1,1,1,1,0,0,0,0,1,1,1,1,32,0,Unicorn_Absent,-1,-1,6,Unicorn_Absent,RIGHT,RIGHT,RIGHT,90,0,30.314285714285713,30.314285714285713,389,1.0,32.0,1.0,64.0,0.0,1.0,1.0,1.0,1.0,0.0,0,1.0
91,80011907,32,800111,Absent,32,0,0,0,0,1,1,1,1,0,0,0,0,1,1,1,1,0,0,0,0,1,1,1,1,0,0,0,0,1,1,1,1,0,0,0,0,1,1,1,1,0,0,0,0,1,1,1,1,0,0,0,0,1,1,1,1,0,0,0,0,1,1,1,1,32,0,Unicorn_Absent,-1,-1,6,Unicorn_Absent,RIGHT,RIGHT,RIGHT,91,0,30.314285714285713,30.314285714285713,421,1.0,32.0,1.0,64.0,0.0,1.0,1.0,1.0,1.0,0.0,0,1.0
92,80011907,33,800111,Absent,32,0,0,0,0,1,1,1,1,0,0,0,0,1,1,1,1,0,0,0,0,1,1,1,1,0,0,0,0,1,1,1,1,0,0,0,0,1,1,1,1,0,0,0,0,1,1,1,1,0,0,0,0,1,1,1,1,0,0,0,0,1,1,1,1,32,0,Unicorn_Absent,-1,-1,6,Unicorn_Absent,RIGHT,RIGHT,RIGHT,92,0,30.314285714285713,30.314285714285713,453,1.0,32.0,1.0,64.0,0.0,1.0,1.0,1.0,1.0,0.0,0,1.0
93,80011907,34,800111,Absent,32,0,0,0,0,1,1,1,1,0,0,0,0,1,1,1,1,0,0,0,0,1,1,1,1,0,0,0,0,1,1,1,1,0,0,0,0,1,1,1,1,0,0,0,0,1,1,1,1,0,0,0,0,1,1,1,1,0,0,0,0,1,1,1,1,32,0,Unicorn_Absent,-1,-1,6,Unicorn_Present,RIGHT,RIGHT,RIGHT,93,0,30.314285714285713,32.0,485,1.0,32.0,1.0,64.0,0.0,1.0,1.0,1.0,1.0,0.0,0,1.0
95,80011907,36,800111,Absent,32,0,0,0,0,1,1,1,1,0,0,0,0,1,1,1,1,0,0,0,0,1,1,1,1,0,0,0,0,1,1,1,1,0,0,0,0,1,1,1,1,0,0,0,0,1,1,1,1,0,0,0,0,1,1,1,1,0,0,0,0,1,1,1,1,32,0,Unicorn_Absent,-1,-1,6,Unicorn_Present,RIGHT,RIGHT,RIGHT,95,0,30.314285714285713,32.0,517,1.0,32.0,1.0,64.0,0.0,1.0,1.0,1.0,1.0,0.0,0,1.0
97,80011907,38,800111,Absent,32,0,0,0,0,1,1,1,1,0,0,0,0,1,1,1,1,0,0,0,0,1,1,1,1,0,0,0,0,1,1,1,1,0,0,0,0,1,1,1,1,0,0,0,0,1,1,1,1,0,0,0,0,1,1,1,1,0,0,0,0,1,1,1,1,32,0,Unicorn_Absent,-1,-1,6,Unicorn_Present,RIGHT,RIGHT,RIGHT,97,0,30.314285714285713,32.0,549,1.0,32.0,1.0,64.0,0.0,1.0,1.0,1.0,1.0,0.0,0,1.0
102,80011907,43,800111,Absent,32,0,0,0,0,1,1,1,1,0,0,0,0,1,1,1,1,0,0,0,0,1,1,1,1,0,0,0,0,1,1,1,1,0,0,0,0,1,1,1,1,0,0,0,0,1,1,1,1,0,0,0,0,1,1,1,1,0,0,0,0,1,1,1,1,32,0,Unicorn_Absent,-1,-1,6,Unicorn_Absent,RIGHT,RIGHT,RIGHT,102,0,30.314285714285713,30.314285714285713,581,1.0,32.0,1.0,64.0,0.0,1.0,1.0,1.0,1.0,0.0,0,1.0
103,80011907,44,800111,Absent,32,0,0,0,0,1,1,1,1,0,0,0,0,1,1,1,1,0,0,0,0,1,1,1,1,0,0,0,0,1,1,1,1,0,0,0,0,1,1,1,1,0,0,0,0,1,1,1,1,0,0,0,0,1,1,1,1,0,0,0,0,1,1,1,1,32,0,Unicorn_Absent,-1,-1,6,Unicorn_Absent,RIGHT,RIGHT,RIGHT,103,0,30.314285714285713,30.314285714285713,613,1.0,32.0,1.0,64.0,0.0,1.0,1.0,1.0,1.0,0.0,0,1.0
104,80011907,45,800111,Absent,32,0,0,0,0,1,1,1,1,0,0,0,0,1,1,1,1,0,0,0,0,1,1,1,1,0,0,0,0,1,1,1,1,0,0,0,0,1,1,1,1,0,0,0,0,1,1,1,1,0,0,0,0,1,1,1,1,0,0,0,0,1,1,1,1,32,0,Unicorn_Absent,-1,-1,6,Unicorn_Present,RIGHT,RIGHT,RIGHT,104,0,30.314285714285713,32.0,645,1.0,32.0,1.0,64.0,0.0,1.0,1.0,1.0,1.0,0.0,0,1.0
106,80011907,47,800111,Absent,32,0,0,0,0,1,1,1,1,0,0,0,0,1,1,1,1,0,0,0,0,1,1,1,1,0,0,0,0,1,1,1,1,0,0,0,0,1,1,1,1,0,0,0,0,1,1,1,1,0,0,0,0,1,1,1,1,0,0,0,0,1,1,1,1,32,0,Unicorn_Absent,-1,-1,6,Unicorn_Absent,RIGHT,RIGHT,RIGHT,106,0,30.314285714285713,30.314285714285713,677,1.0,32.0,1.0,64.0,0.0,1.0,1.0,1.0,1.0,0.0,0,1.0
107,80011907,48,800111,Absent,32,0,0,0,0,1,1,1,1,0,0,0,0,1,1,1,1,0,0,0,0,1,1,1,1,0,0,0,0,1,1,1,1,0,0,0,0,1,1,1,1,0,0,0,0,1,1,1,1,0,0,0,0,1,1,1,1,0,0,0,0,1,1,1,1,32,0,Unicorn_Absent,-1,-1,6,Unicorn_Absent,RIGHT,RIGHT,RIGHT,107,0,30.314285714285713,30.314285714285713,709,1.0,32.0,1.0,64.0,0.0,1.0,1.0,1.0,1.0,0.0,0,1.0
108,80011907,49,800111,Absent,32,0,0,0,0,1,1,1,1,0,0,0,0,1,1,1,1,0,0,0,0,1,1,1,1,0,0,0,0,1,1,1,1,0,0,0,0,1,1,1,1,0,0,0,0,1,1,1,1,0,0,0,0,1,1,1,1,0,0,0,0,1,1,1,1,32,0,Unicorn_Absent,-1,-1,6,Unicorn_Present,RIGHT,RIGHT,RIGHT,108,0,30.314285714285713,32.0,741,1.0,32.0,1.0,64.0,0.0,1.0,1.0,1.0,1.0,0.0,0,1.0
111,80011907,52,800111,Absent,32,0,0,0,0,1,1,1,1,0,0,0,0,1,1,1,1,0,0,0,0,1,1,1,1,0,0,0,0,1,1,1,1,0,0,0,0,1,1,1,1,0,0,0,0,1,1,1,1,0,0,0,0,1,1,1,1,0,0,0,0,1,1,1,1,32,0,Unicorn_Absent,-1,-1,6,Unicorn_Absent,RIGHT,RIGHT,RIGHT,111,0,30.314285714285713,30.314285714285713,773,1.0,32.0,1.0,64.0,0.0,1.0,1.0,1.0,1.0,0.0,0,1.0
112,80011907,53,800111,Absent,32,0,0,0,0,1,1,1,1,0,0,0,0,1,1,1,1,0,0,0,0,1,1,1,1,0,0,0,0,1,1,1,1,0,0,0,0,1,1,1,1,0,0,0,0,1,1,1,1,0,0,0,0,1,1,1,1,0,0,0,0,1,1,1,1,32,0,Unicorn_Absent,-1,-1,6,Unicorn_Present,RIGHT,RIGHT,RIGHT,112,0,30.314285714285713,32.0,805,1.0,32.0,1.0,64.0,0.0,1.0,1.0,1.0,1.0,0.0,0,1.0
114,80011907,55,800111,Absent,32,0,0,0,0,1,1,1,1,0,0,0,0,1,1,1,1,0,0,0,0,1,1,1,1,0,0,0,0,1,1,1,1,0,0,0,0,1,1,1,1,0,0,0,0,1,1,1,1,0,0,0,0,1,1,1,1,0,0,0,0,1,1,1,1,32,0,Unicorn_Absent,-1,-1,6,Unicorn_Present,RIGHT,RIGHT,RIGHT,114,0,30.314285714285713,32.0,837,1.0,32.0,1.0,64.0,0.0,1.0,1.0,1.0,1.0,0.0,0,1.0
116,80011907,57,800111,Absent,32,0,0,0,0,1,1,1,1,0,0,0,0,1,1,1,1,0,0,0,0,1,1,1,1,0,0,0,0,1,1,1,1,0,0,0,0,1,1,1,1,0,0,0,0,1,1,1,1,0,0,0,0,1,1,1,1,0,0,0,0,1,1,1,1,32,0,Unicorn_Absent,-1,-1,6,Unicorn_Present,RIGHT,RIGHT,,116,0,30.314285714285713,32.0,869,1.0,32.0,1.0,64.0,0.0,1.0,1.0,1.0,1.0,0.0,0,1.0
