Dyad,Player,Round,Player,Answer,Time,a11,a12,a13,a14,a15,a16,a17,a18,a21,a22,a23,a24,a25,a26,a27,a28,a31,a32,a33,a34,a35,a36,a37,a38,a41,a42,a43,a44,a45,a46,a47,a48,a51,a52,a53,a54,a55,a56,a57,a58,a61,a62,a63,a64,a65,a66,a67,a68,a71,a72,a73,a74,a75,a76,a77,a78,a81,a82,a83,a84,a85,a86,a87,a88,Is_there,Score,Joint,Is_there,where_x,where_y,Strategy,Category,Category1,Category,RegionGo,Ac_Score,Norm_Score,Size_visited,Consistency,Total_visited_dyad,Dif_consist,DLIndex,Norm_Score_LAG1,Consistency_LAG1,Dif_consist_LAG1,Joint_LAG1
51433200,32007,1,32007,Absent,20,1,0,1,0,0,0,0,0,1,0,1,0,0,0,0,0,1,0,0,0,0,0,1,0,0,1,0,0,0,0,0,1,0,1,1,0,0,0,1,0,1,0,0,0,0,1,0,0,0,0,0,0,1,0,0,0,0,1,0,1,0,0,0,0,Unicorn_Absent,23,9,Unicorn_Absent,-1,-1,9,RS,RS,RS,RS,23,0.94375,16,,43,,0.53125,,,,
51433200,32007,2,32007,Present,13,0,0,0,0,0,0,0,0,0,0,0,0,0,0,0,0,0,0,0,0,0,0,0,0,0,0,0,0,0,0,0,0,1,1,1,1,1,1,1,1,1,1,1,1,1,0,0,0,0,0,0,0,0,0,0,0,0,0,0,0,0,0,0,0,Unicorn_Present,32,0,Unicorn_Present,5,1,3,RS,DOWN,RS,RS,55,1,13,0.16,27,0.002790698,0.421875,0.94375,,,9
51433200,32007,3,32007,Present,2,0,0,0,0,0,0,0,0,0,0,0,0,0,0,0,0,0,0,0,0,0,0,0,0,0,0,0,0,0,0,0,0,1,1,0,0,0,0,0,0,0,0,0,0,0,0,0,0,0,0,0,0,0,0,0,0,0,0,0,0,0,0,0,0,Unicorn_Present,32,0,Unicorn_Present,2,0,3,RS,DOWN,RS,DOWN,87,1,2,0.153846154,5,0.06043956,0.078125,1,0.16,0.002790698,0
51433200,32007,4,32007,Absent,32,0,0,0,0,0,0,0,0,0,0,0,0,0,0,0,0,0,0,0,0,0,0,0,0,0,0,0,0,0,0,0,0,1,1,1,1,1,1,1,1,1,1,1,1,1,1,1,1,1,1,1,1,1,1,1,1,1,1,1,1,1,1,1,1,Unicorn_Absent,0,32,Unicorn_Absent,-1,-1,3,DOWN,DOWN,DOWN,RS,87,0.8,32,0.0625,64,0.015625,0.5,1,0.153846154,0.06043956,0
51433200,32007,5,32007,Absent,37,0,1,1,0,1,1,0,0,0,1,0,0,0,1,1,0,1,0,0,1,0,1,0,1,1,1,1,0,1,0,0,1,1,0,0,1,0,1,1,1,0,0,0,0,0,0,1,0,0,1,0,0,0,0,0,0,0,1,0,1,1,1,0,1,Unicorn_Present,-80,16,Unicorn_Present,6,7,9,RS,RS,RS,RIGHT,7,0.3,28,0.25,44,0.25,0.4375,0.8,0.0625,0.015625,32
51433200,32007,6,32007,Absent,32,0,0,0,0,1,1,1,1,0,0,0,0,1,1,1,1,0,0,0,0,1,1,1,1,0,0,0,0,1,1,1,1,0,0,0,0,1,1,1,1,0,0,0,0,1,1,1,1,0,0,0,0,1,1,1,1,0,0,0,0,1,1,1,1,Unicorn_Absent,14,18,Unicorn_Absent,-1,-1,6,RIGHT,RIGHT,RIGHT,NOTHING,21,0.8875,32,0.333333333,50,0.113475177,0.5,0.3,0.25,0.25,16
51433200,32007,7,32007,Absent,0,0,0,0,0,0,0,0,0,0,0,0,0,0,0,0,0,0,0,0,0,0,0,0,0,0,0,0,0,0,0,0,0,0,0,0,0,0,0,0,0,0,0,0,0,0,0,0,0,0,0,0,0,0,0,0,0,0,0,0,0,0,0,0,0,Unicorn_Absent,32,0,Unicorn_Absent,-1,-1,2,NOTHING,NOTHING,NOTHING,NOTHING,53,1,0,0,32,0.36,0.5,0.8875,0.333333333,0.113475177,18
51433200,32007,8,32007,Absent,0,0,0,0,0,0,0,0,0,0,0,0,0,0,0,0,0,0,0,0,0,0,0,0,0,0,0,0,0,0,0,0,0,0,0,0,0,0,0,0,0,0,0,0,0,0,0,0,0,0,0,0,0,0,0,0,0,0,0,0,0,0,0,0,0,Unicorn_Absent,32,0,Unicorn_Absent,-1,-1,2,NOTHING,NOTHING,NOTHING,NOTHING,85,1,0,1,32,0,0.5,1,0,0.36,0
51433200,32007,9,32007,Absent,0,0,0,0,0,0,0,0,0,0,0,0,0,0,0,0,0,0,0,0,0,0,0,0,0,0,0,0,0,0,0,0,0,0,0,0,0,0,0,0,0,0,0,0,0,0,0,0,0,0,0,0,0,0,0,0,0,0,0,0,0,0,0,0,0,Unicorn_Absent,32,0,Unicorn_Absent,-1,-1,2,NOTHING,NOTHING,NOTHING,NOTHING,117,1,0,1,32,0,0.5,1,1,0,0
51433200,32007,10,32007,Absent,0,0,0,0,0,0,0,0,0,0,0,0,0,0,0,0,0,0,0,0,0,0,0,0,0,0,0,0,0,0,0,0,0,0,0,0,0,0,0,0,0,0,0,0,0,0,0,0,0,0,0,0,0,0,0,0,0,0,0,0,0,0,0,0,0,Unicorn_Absent,32,0,Unicorn_Absent,-1,-1,2,NOTHING,NOTHING,NOTHING,NOTHING,149,1,0,1,32,0,0.5,1,1,0,0
51433200,32007,11,32007,Absent,0,0,0,0,0,0,0,0,0,0,0,0,0,0,0,0,0,0,0,0,0,0,0,0,0,0,0,0,0,0,0,0,0,0,0,0,0,0,0,0,0,0,0,0,0,0,0,0,0,0,0,0,0,0,0,0,0,0,0,0,0,0,0,0,0,Unicorn_Absent,32,0,Unicorn_Absent,-1,-1,2,NOTHING,NOTHING,NOTHING,NOTHING,181,1,0,1,32,0,0.5,1,1,0,0
51433200,32007,12,32007,Absent,0,0,0,0,0,0,0,0,0,0,0,0,0,0,0,0,0,0,0,0,0,0,0,0,0,0,0,0,0,0,0,0,0,0,0,0,0,0,0,0,0,0,0,0,0,0,0,0,0,0,0,0,0,0,0,0,0,0,0,0,0,0,0,0,0,Unicorn_Absent,32,0,Unicorn_Absent,-1,-1,2,NOTHING,NOTHING,NOTHING,NOTHING,213,1,0,1,32,0,0.5,1,1,0,0
51433200,32007,13,32007,Present,0,0,0,0,0,0,0,0,0,0,0,0,0,0,0,0,0,0,0,0,0,0,0,0,0,0,0,0,0,0,0,0,0,0,0,0,0,0,0,0,0,0,0,0,0,0,0,0,0,0,0,0,0,0,0,0,0,0,0,0,0,0,0,0,0,Unicorn_Present,32,0,Unicorn_Present,0,7,2,NOTHING,NOTHING,NOTHING,NOTHING,245,1,0,1,29,0.09375,0.453125,1,1,0,0
51433200,32007,14,32007,Absent,0,0,0,0,0,0,0,0,0,0,0,0,0,0,0,0,0,0,0,0,0,0,0,0,0,0,0,0,0,0,0,0,0,0,0,0,0,0,0,0,0,0,0,0,0,0,0,0,0,0,0,0,0,0,0,0,0,0,0,0,0,0,0,0,0,Unicorn_Absent,32,0,Unicorn_Absent,-1,-1,2,NOTHING,NOTHING,NOTHING,NOTHING,277,1,0,1,32,0.09375,0.5,1,1,0.09375,0
51433200,32007,15,32007,Present,0,0,0,0,0,0,0,0,0,0,0,0,0,0,0,0,0,0,0,0,0,0,0,0,0,0,0,0,0,0,0,0,0,0,0,0,0,0,0,0,0,0,0,0,0,0,0,0,0,0,0,0,0,0,0,0,0,0,0,0,0,0,0,0,0,Unicorn_Present,32,0,Unicorn_Present,3,5,2,NOTHING,NOTHING,NOTHING,NOTHING,309,1,0,1,24,0.25,0.375,1,1,0.09375,0
51433200,32007,16,32007,Absent,0,0,0,0,0,0,0,0,0,0,0,0,0,0,0,0,0,0,0,0,0,0,0,0,0,0,0,0,0,0,0,0,0,0,0,0,0,0,0,0,0,0,0,0,0,0,0,0,0,0,0,0,0,0,0,0,0,0,0,0,0,0,0,0,0,Unicorn_Present,-64,0,Unicorn_Present,7,6,2,NOTHING,NOTHING,NOTHING,OUT,245,0.4,0,1,32,0.25,0.5,1,1,0.25,0
51433200,32007,17,32007,Present,28,1,1,1,1,1,1,1,1,1,0,0,0,0,0,0,1,1,0,0,0,0,0,0,1,1,0,0,0,0,0,0,1,1,0,0,0,0,0,0,1,1,0,0,0,0,0,0,1,1,0,0,0,0,0,0,1,1,1,1,1,1,1,1,1,Unicorn_Present,19,13,Unicorn_Present,6,3,8,OUT,OUT,OUT,RS,264,0.91875,28,0,46,0.340425532,0.515625,0.4,1,0.25,0
51433200,32007,18,32007,Absent,63,1,1,1,1,1,1,0,0,0,0,0,1,1,1,1,1,1,1,0,1,0,1,0,1,1,1,0,0,1,1,0,1,0,0,1,1,1,1,1,1,1,0,0,1,1,1,0,1,1,0,1,1,0,0,1,1,1,1,1,0,0,1,1,0,Unicorn_Absent,11,21,Unicorn_Absent,-1,-1,9,RS,RS,RS,RIGHT,275,0.86875,42,0.428571429,53,0.540178571,0.5,0.91875,0,0.340425532,13
51433200,32007,19,32007,Absent,32,0,0,0,0,1,1,1,1,0,0,0,0,1,1,1,1,0,0,0,0,1,1,1,1,0,0,0,0,1,1,1,1,0,0,0,0,1,1,1,1,0,0,0,0,1,1,1,1,0,0,0,0,1,1,1,1,0,0,0,0,1,1,1,1,Unicorn_Absent,0,32,Unicorn_Absent,-1,-1,6,RIGHT,RIGHT,RIGHT,ALL,275,0.8,32,0.423076923,64,0.076923077,0.5,0.86875,0.428571429,0.540178571,21
51433200,32007,20,32007,Absent,64,1,1,1,1,1,1,1,1,1,1,1,1,1,1,1,1,1,1,1,1,1,1,1,1,1,1,1,1,1,1,1,1,1,1,1,1,1,1,1,1,1,1,1,1,1,1,1,1,1,1,1,1,1,1,1,1,1,1,1,1,1,1,1,1,Unicorn_Absent,0,32,Unicorn_Absent,-1,-1,1,ALL,ALL,ALL,RS,275,0.8,64,0.5,64,0,0.5,0.8,0.423076923,0.076923077,32
51433200,32007,21,32007,Present,4,0,0,0,0,0,0,0,0,0,0,0,0,0,0,0,0,0,0,0,0,0,0,0,0,0,0,0,0,0,0,0,0,1,1,1,1,0,0,0,0,0,0,0,0,0,0,0,0,0,0,0,0,0,0,0,0,0,0,0,0,0,0,0,0,Unicorn_Present,32,0,Unicorn_Present,3,4,3,RS,DOWN,RS,DOWN,307,1,4,0.0625,8,0.0625,0.125,0.8,0.5,0,32
51433200,32007,22,32007,Absent,32,0,0,0,0,0,0,0,0,0,0,0,0,0,0,0,0,0,0,0,0,0,0,0,0,0,0,0,0,0,0,0,0,1,1,1,1,1,1,1,1,1,1,1,1,1,1,1,1,1,1,1,1,1,1,1,1,1,1,1,1,1,1,1,1,Unicorn_Absent,16,16,Unicorn_Absent,-1,-1,3,DOWN,DOWN,DOWN,RS,323,0.9,32,0.125,48,0,0.5,1,0.0625,0.0625,0
51433200,32007,23,32007,Absent,28,0,1,1,1,0,1,0,0,0,1,1,0,0,0,0,0,0,0,0,1,0,0,0,1,1,0,0,0,1,0,0,1,0,0,0,0,0,1,1,0,1,0,0,0,0,1,0,0,1,0,0,0,0,0,0,0,1,0,0,0,1,1,0,0,Unicorn_Absent,13,19,Unicorn_Absent,-1,-1,9,RS,RS,RS,RS,336,0.88125,19,0.186046512,64,0.313953488,0.703125,0.9,0.125,0,16
51433200,32007,24,32007,Present,5,1,1,1,1,1,0,0,0,0,0,0,0,0,0,0,0,0,0,0,0,0,0,0,0,0,0,0,0,0,0,0,0,0,0,0,0,0,0,0,0,0,0,0,0,0,0,0,0,0,0,0,0,0,0,0,0,0,0,0,0,0,0,0,0,Unicorn_Present,31,1,Unicorn_Present,6,0,4,RS,UP,RS,RS,367,0.99375,5,0.142857143,10,0.049107143,0.140625,0.88125,0.186046512,0.313953488,19
51433200,32007,25,32007,Present,25,1,1,1,1,1,1,1,1,1,1,1,1,1,1,1,1,1,1,1,1,1,1,1,1,1,0,0,0,0,0,0,0,0,0,0,0,0,0,0,0,0,0,0,0,0,0,0,0,0,0,0,0,0,0,0,0,0,0,0,0,0,0,0,0,Unicorn_Present,22,10,Unicorn_Present,1,6,1,RS,ALL,RS,ALL,389,0.9375,25,0.2,39,0.165517241,0.453125,0.99375,0.142857143,0.049107143,1
51433200,32007,26,32007,Absent,64,1,1,1,1,1,1,1,1,1,1,1,1,1,1,1,1,1,1,1,1,1,1,1,1,1,1,1,1,1,1,1,1,1,1,1,1,1,1,1,1,1,1,1,1,1,1,1,1,1,1,1,1,1,1,1,1,1,1,1,1,1,1,1,1,Unicorn_Absent,21,11,Unicorn_Absent,-1,-1,1,ALL,ALL,ALL,NOTHING,410,0.93125,64,0.390625,64,0.261592742,0.828125,0.9375,0.2,0.165517241,10
51433200,32007,27,32007,Absent,0,0,0,0,0,0,0,0,0,0,0,0,0,0,0,0,0,0,0,0,0,0,0,0,0,0,0,0,0,0,0,0,0,0,0,0,0,0,0,0,0,0,0,0,0,0,0,0,0,0,0,0,0,0,0,0,0,0,0,0,0,0,0,0,0,Unicorn_Present,-64,0,Unicorn_Present,6,4,2,NOTHING,NOTHING,NOTHING,RS,346,0.4,0,0,32,0.131578947,0.5,0.93125,0.390625,0.261592742,11
51433200,32007,28,32007,Absent,17,0,0,0,0,1,0,0,0,0,1,0,1,0,0,1,0,1,0,0,0,0,0,0,1,1,1,0,0,0,0,0,0,1,0,0,1,0,0,1,1,0,0,0,0,0,0,0,1,0,0,0,0,1,0,0,0,1,0,0,1,0,0,0,0,Unicorn_Absent,32,0,Unicorn_Absent,-1,-1,9,RS,RS,RS,RS,378,1,16,0,16,0,0.25,0.4,0,0.131578947,0
51433200,32007,29,32007,Absent,18,0,0,0,1,1,0,1,1,1,0,0,0,0,0,0,0,0,1,0,0,1,0,1,0,1,0,0,1,0,0,0,1,0,1,0,0,0,0,0,0,1,0,0,0,1,0,1,0,0,0,0,1,0,0,0,1,0,0,0,0,0,0,0,0,Unicorn_Absent,32,0,Unicorn_Absent,-1,-1,9,RS,RS,RS,RS,410,1,17,0.064516129,17,0.935483871,0.265625,1,0,0,0
51433200,32007,30,32007,Present,41,1,1,0,1,0,0,1,0,1,0,1,0,1,1,0,0,1,0,0,1,0,1,1,1,1,0,1,0,0,0,1,0,0,1,1,0,0,0,1,1,0,1,0,1,1,1,0,1,0,1,1,1,1,0,0,0,0,0,0,0,1,0,1,0,Unicorn_Present,32,0,Unicorn_Present,0,0,9,RS,RS,RS,RS,442,1,31,0.2,31,0.8,0.484375,1,0.064516129,0.935483871,0
51433200,32007,31,32007,Absent,15,0,0,0,1,0,0,0,1,0,1,0,0,1,0,0,0,0,0,0,1,1,0,0,0,0,0,0,0,0,0,0,0,1,0,0,0,1,0,1,1,0,0,0,0,0,0,0,0,0,0,0,1,0,1,0,1,0,1,0,0,0,0,0,0,Unicorn_Absent,32,0,Unicorn_Absent,-1,-1,9,RS,RS,RS,RS,474,1,14,0.153846154,14,0.846153846,0.21875,1,0.2,0.8,0
51433200,32007,32,32007,Absent,41,1,1,0,0,1,0,0,0,1,1,1,1,0,0,0,1,1,1,1,1,1,0,0,1,1,0,0,1,1,0,1,0,1,0,0,0,0,0,1,0,0,1,0,1,0,1,0,0,1,0,0,1,0,0,1,1,1,0,1,0,0,1,0,0,Unicorn_Absent,32,0,Unicorn_Absent,-1,-1,9,RS,RS,RS,RS,506,1,30,0.189189189,30,0.810810811,0.46875,1,0.153846154,0.846153846,0
51433200,32007,33,32007,Absent,48,0,0,1,1,1,0,1,0,1,1,0,1,1,1,1,0,1,1,0,0,1,1,1,1,0,0,0,1,0,0,1,1,0,0,1,1,1,0,0,0,0,0,1,1,1,1,0,1,0,0,0,0,1,1,1,0,1,0,0,1,0,0,1,1,Unicorn_Present,-64,0,Unicorn_Present,5,3,9,RS,RS,RS,RS,442,0.4,34,0.28,34,0.72,0.53125,1,0.189189189,0.810810811,0
51433200,32007,34,32007,Absent,41,0,0,0,0,1,1,0,1,0,0,0,1,1,1,0,1,0,0,1,1,1,0,0,1,0,1,1,1,1,1,1,0,1,0,0,1,0,0,0,0,1,1,1,0,1,0,0,0,0,1,0,0,0,1,1,0,1,1,0,1,1,0,1,1,Unicorn_Present,-64,0,Unicorn_Present,5,5,9,RS,RS,RS,RS,378,0.4,32,0.346938776,32,0.653061224,0.5,0.4,0.28,0.72,0
51433200,32007,35,32007,Present,50,1,0,1,0,0,1,1,1,1,0,0,1,0,0,0,1,1,0,1,1,1,0,0,0,1,0,0,1,1,1,0,1,0,0,0,1,0,1,1,1,1,0,1,0,1,1,0,1,0,0,1,0,0,0,1,0,0,1,0,0,1,1,0,1,Unicorn_Present,18,14,Unicorn_Present,4,3,9,RS,RS,RS,RS,396,0.9125,32,0.391304348,50,0.391304348,0.5625,0.4,0.346938776,0.653061224,0
51433200,32007,36,32007,Present,20,1,1,1,1,1,1,1,1,1,1,1,1,1,1,1,1,1,1,1,1,0,0,0,0,0,0,0,0,0,0,0,0,0,0,0,0,0,0,0,0,0,0,0,0,0,0,0,0,0,0,0,0,0,0,0,0,0,0,0,0,0,0,0,0,Unicorn_Present,26,6,Unicorn_Present,3,2,4,RS,UP,RS,RS,422,0.9625,20,0.268292683,32,0.013758599,0.40625,0.9125,0.391304348,0.391304348,14
51433200,32007,37,32007,Present,21,1,1,1,1,0,0,0,0,1,1,1,1,0,0,0,0,1,1,1,1,0,0,0,0,1,1,1,1,0,0,0,0,1,1,1,1,0,0,0,0,1,0,0,0,0,0,0,0,0,0,0,0,0,0,0,0,0,0,0,0,0,0,0,0,Unicorn_Present,31,1,Unicorn_Present,0,5,5,RS,LEFT,RS,LEFT,453,0.99375,21,0.413793103,22,0.302681992,0.328125,0.9625,0.268292683,0.013758599,6
51433200,32007,38,32007,Absent,32,1,1,1,1,0,0,0,0,1,1,1,1,0,0,0,0,1,1,1,1,0,0,0,0,1,1,1,1,0,0,0,0,1,1,1,1,0,0,0,0,1,1,1,1,0,0,0,0,1,1,1,1,0,0,0,0,1,1,1,1,0,0,0,0,Unicorn_Absent,18,14,Unicorn_Absent,-1,-1,5,LEFT,LEFT,LEFT,NOTHING,471,0.9125,32,0.65625,48,0.589583333,0.53125,0.99375,0.413793103,0.302681992,1
51433200,32007,39,32007,Absent,0,0,0,0,0,0,0,0,0,0,0,0,0,0,0,0,0,0,0,0,0,0,0,0,0,0,0,0,0,0,0,0,0,0,0,0,0,0,0,0,0,0,0,0,0,0,0,0,0,0,0,0,0,0,0,0,0,0,0,0,0,0,0,0,0,Unicorn_Present,-64,0,Unicorn_Present,4,4,2,NOTHING,NOTHING,NOTHING,RIGHT,407,0.4,0,0,4,0.03030303,0.0625,0.9125,0.65625,0.589583333,14
51433200,32007,40,32007,Absent,32,0,0,0,0,1,1,1,1,0,0,0,0,1,1,1,1,0,0,0,0,1,1,1,1,0,0,0,0,1,1,1,1,0,0,0,0,1,1,1,1,0,0,0,0,1,1,1,1,0,0,0,0,1,1,1,1,0,0,0,0,1,1,1,1,Unicorn_Absent,16,16,Unicorn_Absent,-1,-1,6,RIGHT,RIGHT,RIGHT,,423,0.9,32,0,48,0.028571429,0.5,0.4,0,0.03030303,0
51433200,51439,1,51439,Absent,59,0,0,0,1,0,1,1,1,0,0,1,1,0,1,1,1,0,0,1,1,0,0,1,0,0,0,1,1,0,1,0,1,1,1,0,0,0,0,1,0,1,0,0,1,1,1,0,1,1,1,1,1,1,1,1,1,1,1,1,0,1,0,0,0,Unicorn_Absent,23,9,Unicorn_Absent,-1,-1,0,RS,RS,RS,RS,23,0.94375,36,,43,,0.53125,,,,
51433200,51439,2,51439,Present,14,1,1,1,1,1,1,1,1,1,1,1,1,1,1,0,0,0,0,0,0,0,0,0,0,0,0,0,0,0,0,0,0,0,0,0,0,0,0,0,0,0,0,0,0,0,0,0,0,0,0,0,0,0,0,0,0,0,0,0,0,0,0,0,0,Unicorn_Present,32,0,Unicorn_Present,5,1,1,RS,ALL,RS,RS,55,1,14,0.162790698,27,0.002790698,0.421875,0.94375,,,9
51433200,51439,3,51439,Present,3,1,1,1,0,0,0,0,0,0,0,0,0,0,0,0,0,0,0,0,0,0,0,0,0,0,0,0,0,0,0,0,0,0,0,0,0,0,0,0,0,0,0,0,0,0,0,0,0,0,0,0,0,0,0,0,0,0,0,0,0,0,0,0,0,Unicorn_Present,32,0,Unicorn_Present,2,0,1,RS,ALL,RS,ALL,87,1,3,0.214285714,5,0.06043956,0.078125,1,0.162790698,0.002790698,0
51433200,51439,4,51439,Absent,64,1,1,1,1,1,1,1,1,1,1,1,1,1,1,1,1,1,1,1,1,1,1,1,1,1,1,1,1,1,1,1,1,1,1,1,1,1,1,1,1,1,1,1,1,1,1,1,1,1,1,1,1,1,1,1,1,1,1,1,1,1,1,1,1,Unicorn_Absent,0,32,Unicorn_Absent,-1,-1,1,ALL,ALL,ALL,UP,87,0.8,64,0.046875,64,0.015625,0.5,1,0.214285714,0.06043956,0
51433200,51439,5,51439,Absent,32,1,1,1,1,1,1,1,1,1,1,1,1,1,1,1,1,1,1,1,1,1,1,1,1,1,1,1,1,1,1,1,1,0,0,0,0,0,0,0,0,0,0,0,0,0,0,0,0,0,0,0,0,0,0,0,0,0,0,0,0,0,0,0,0,Unicorn_Present,-80,16,Unicorn_Present,6,7,4,UP,UP,UP,RS,7,0.3,32,0.5,44,0.25,0.4375,0.8,0.046875,0.015625,32
51433200,51439,6,51439,Absent,61,1,1,1,0,1,1,1,0,0,0,1,1,0,1,0,1,1,1,0,1,0,1,1,1,0,1,0,1,1,1,0,1,1,1,0,0,0,0,0,0,0,0,1,0,0,1,0,1,1,1,1,1,1,1,0,0,0,0,0,1,1,0,1,1,Unicorn_Absent,14,18,Unicorn_Absent,-1,-1,0,RS,RS,RS,LEFT,21,0.8875,36,0.446808511,50,0.113475177,0.5,0.3,0.5,0.25,16
51433200,51439,7,51439,Absent,32,1,1,1,1,0,0,0,0,1,1,1,1,0,0,0,0,1,1,1,1,0,0,0,0,1,1,1,1,0,0,0,0,1,1,1,1,0,0,0,0,1,1,1,1,0,0,0,0,1,1,1,1,0,0,0,0,1,1,1,1,0,0,0,0,Unicorn_Absent,32,0,Unicorn_Absent,-1,-1,5,LEFT,LEFT,LEFT,LEFT,53,1,32,0.36,32,0.36,0.5,0.8875,0.446808511,0.113475177,18
51433200,51439,8,51439,Absent,32,1,1,1,1,0,0,0,0,1,1,1,1,0,0,0,0,1,1,1,1,0,0,0,0,1,1,1,1,0,0,0,0,1,1,1,1,0,0,0,0,1,1,1,1,0,0,0,0,1,1,1,1,0,0,0,0,1,1,1,1,0,0,0,0,Unicorn_Absent,32,0,Unicorn_Absent,-1,-1,5,LEFT,LEFT,LEFT,LEFT,85,1,32,1,32,0,0.5,1,0.36,0.36,0
51433200,51439,9,51439,Absent,32,1,1,1,1,0,0,0,0,1,1,1,1,0,0,0,0,1,1,1,1,0,0,0,0,1,1,1,1,0,0,0,0,1,1,1,1,0,0,0,0,1,1,1,1,0,0,0,0,1,1,1,1,0,0,0,0,1,1,1,1,0,0,0,0,Unicorn_Absent,32,0,Unicorn_Absent,-1,-1,5,LEFT,LEFT,LEFT,LEFT,117,1,32,1,32,0,0.5,1,1,0,0
51433200,51439,10,51439,Absent,32,1,1,1,1,0,0,0,0,1,1,1,1,0,0,0,0,1,1,1,1,0,0,0,0,1,1,1,1,0,0,0,0,1,1,1,1,0,0,0,0,1,1,1,1,0,0,0,0,1,1,1,1,0,0,0,0,1,1,1,1,0,0,0,0,Unicorn_Absent,32,0,Unicorn_Absent,-1,-1,5,LEFT,LEFT,LEFT,LEFT,149,1,32,1,32,0,0.5,1,1,0,0
51433200,51439,11,51439,Absent,32,1,1,1,1,0,0,0,0,1,1,1,1,0,0,0,0,1,1,1,1,0,0,0,0,1,1,1,1,0,0,0,0,1,1,1,1,0,0,0,0,1,1,1,1,0,0,0,0,1,1,1,1,0,0,0,0,1,1,1,1,0,0,0,0,Unicorn_Absent,32,0,Unicorn_Absent,-1,-1,5,LEFT,LEFT,LEFT,LEFT,181,1,32,1,32,0,0.5,1,1,0,0
51433200,51439,12,51439,Absent,32,1,1,1,1,0,0,0,0,1,1,1,1,0,0,0,0,1,1,1,1,0,0,0,0,1,1,1,1,0,0,0,0,1,1,1,1,0,0,0,0,1,1,1,1,0,0,0,0,1,1,1,1,0,0,0,0,1,1,1,1,0,0,0,0,Unicorn_Absent,32,0,Unicorn_Absent,-1,-1,5,LEFT,LEFT,LEFT,RS,213,1,32,1,32,0,0.5,1,1,0,0
51433200,51439,13,51439,Present,29,1,1,1,1,0,0,0,0,1,1,1,1,0,0,0,0,1,1,1,1,0,0,0,0,1,1,1,1,0,0,0,0,1,1,1,1,0,0,0,0,1,1,1,1,0,0,0,0,1,1,1,1,0,0,0,0,1,0,0,0,0,0,0,0,Unicorn_Present,32,0,Unicorn_Present,0,7,5,RS,LEFT,RS,LEFT,245,1,29,0.90625,29,0.09375,0.453125,1,1,0,0
51433200,51439,14,51439,Absent,32,1,1,1,1,0,0,0,0,1,1,1,1,0,0,0,0,1,1,1,1,0,0,0,0,1,1,1,1,0,0,0,0,1,1,1,1,0,0,0,0,1,1,1,1,0,0,0,0,1,1,1,1,0,0,0,0,1,1,1,1,0,0,0,0,Unicorn_Absent,32,0,Unicorn_Absent,-1,-1,5,LEFT,LEFT,LEFT,RS,277,1,32,0.90625,32,0.09375,0.5,1,0.90625,0.09375,0
51433200,51439,15,51439,Present,24,1,1,1,1,0,0,0,0,1,1,1,1,0,0,0,0,1,1,1,1,0,0,0,0,1,1,1,1,0,0,0,0,1,1,1,1,0,0,0,0,1,1,1,1,0,0,0,0,0,0,0,0,0,0,0,0,0,0,0,0,0,0,0,0,Unicorn_Present,32,0,Unicorn_Present,3,5,5,RS,LEFT,RS,LEFT,309,1,24,0.75,24,0.25,0.375,1,0.90625,0.09375,0
51433200,51439,16,51439,Absent,32,1,1,1,1,0,0,0,0,1,1,1,1,0,0,0,0,1,1,1,1,0,0,0,0,1,1,1,1,0,0,0,0,1,1,1,1,0,0,0,0,1,1,1,1,0,0,0,0,1,1,1,1,0,0,0,0,1,1,1,1,0,0,0,0,Unicorn_Present,-64,0,Unicorn_Present,7,6,5,LEFT,LEFT,LEFT,RS,245,0.4,32,0.75,32,0.25,0.5,1,0.75,0.25,0
51433200,51439,17,51439,Present,31,1,1,1,1,1,1,1,1,1,1,1,1,1,1,1,1,1,1,1,1,1,1,1,1,1,1,1,1,1,1,1,0,0,0,0,0,0,0,0,0,0,0,0,0,0,0,0,0,0,0,0,0,0,0,0,0,0,0,0,0,0,0,0,0,Unicorn_Present,19,13,Unicorn_Present,6,3,4,RS,UP,RS,UP,264,0.91875,31,0.340425532,46,0.340425532,0.515625,0.4,0.75,0.25,0
51433200,51439,18,51439,Absent,32,1,1,1,1,1,1,1,1,1,1,1,1,1,1,1,1,1,1,1,1,1,1,1,1,1,1,1,1,1,1,1,1,0,0,0,0,0,0,0,0,0,0,0,0,0,0,0,0,0,0,0,0,0,0,0,0,0,0,0,0,0,0,0,0,Unicorn_Absent,11,21,Unicorn_Absent,-1,-1,4,UP,UP,UP,ALL,275,0.86875,32,0.96875,53,0.540178571,0.5,0.91875,0.340425532,0.340425532,13
51433200,51439,19,51439,Absent,64,1,1,1,1,1,1,1,1,1,1,1,1,1,1,1,1,1,1,1,1,1,1,1,1,1,1,1,1,1,1,1,1,1,1,1,1,1,1,1,1,1,1,1,1,1,1,1,1,1,1,1,1,1,1,1,1,1,1,1,1,1,1,1,1,Unicorn_Absent,0,32,Unicorn_Absent,-1,-1,1,ALL,ALL,ALL,RIGHT,275,0.8,64,0.5,64,0.076923077,0.5,0.86875,0.96875,0.540178571,21
51433200,51439,20,51439,Absent,32,0,0,0,0,1,1,1,1,0,0,0,0,1,1,1,1,0,0,0,0,1,1,1,1,0,0,0,0,1,1,1,1,0,0,0,0,1,1,1,1,0,0,0,0,1,1,1,1,0,0,0,0,1,1,1,1,0,0,0,0,1,1,1,1,Unicorn_Absent,0,32,Unicorn_Absent,-1,-1,6,RIGHT,RIGHT,RIGHT,RS,275,0.8,32,0.5,64,0,0.5,0.8,0.5,0.076923077,32
51433200,51439,21,51439,Present,4,0,0,0,0,1,1,1,1,0,0,0,0,0,0,0,0,0,0,0,0,0,0,0,0,0,0,0,0,0,0,0,0,0,0,0,0,0,0,0,0,0,0,0,0,0,0,0,0,0,0,0,0,0,0,0,0,0,0,0,0,0,0,0,0,Unicorn_Present,32,0,Unicorn_Present,3,4,6,RS,RIGHT,RS,RIGHT,307,1,4,0.125,8,0.0625,0.125,0.8,0.5,0,32
51433200,51439,22,51439,Absent,32,0,0,0,0,1,1,1,1,0,0,0,0,1,1,1,1,0,0,0,0,1,1,1,1,0,0,0,0,1,1,1,1,0,0,0,0,1,1,1,1,0,0,0,0,1,1,1,1,0,0,0,0,1,1,1,1,0,0,0,0,1,1,1,1,Unicorn_Absent,16,16,Unicorn_Absent,-1,-1,6,RIGHT,RIGHT,RIGHT,ALL,323,0.9,32,0.125,48,0,0.5,1,0.125,0.0625,0
51433200,51439,23,51439,Absent,64,1,1,1,1,1,1,1,1,1,1,1,1,1,1,1,1,1,1,1,1,1,1,1,1,1,1,1,1,1,1,1,1,1,1,1,1,1,1,1,1,1,1,1,1,1,1,1,1,1,1,1,1,1,1,1,1,1,1,1,1,1,1,1,1,Unicorn_Absent,13,19,Unicorn_Absent,-1,-1,1,ALL,ALL,ALL,RS,336,0.88125,64,0.5,64,0.313953488,0.703125,0.9,0.125,0,16
51433200,51439,24,51439,Present,6,0,0,0,1,0,0,1,0,0,0,0,0,0,0,0,0,0,0,0,0,0,0,0,0,0,0,0,0,0,0,0,0,0,0,0,0,0,0,0,0,0,0,0,0,0,0,0,0,0,0,0,0,0,0,0,1,1,0,0,0,1,0,0,1,Unicorn_Present,31,1,Unicorn_Present,6,0,0,RS,RS,RS,RS,367,0.99375,6,0.09375,10,0.049107143,0.140625,0.88125,0.5,0.313953488,19
51433200,51439,25,51439,Present,26,1,1,0,0,1,0,0,1,0,1,0,1,0,0,1,1,1,0,1,0,0,0,0,0,0,0,1,0,1,0,0,1,0,0,1,0,0,0,0,0,0,1,1,1,0,0,0,0,1,1,0,0,1,1,0,0,1,0,0,1,0,0,1,0,Unicorn_Present,22,10,Unicorn_Present,1,6,0,RS,RS,RS,RS,389,0.9375,24,0.034482759,39,0.165517241,0.453125,0.99375,0.09375,0.049107143,1
51433200,51439,26,51439,Absent,11,0,0,0,0,0,0,0,0,0,0,0,1,0,0,0,1,0,0,0,0,0,0,0,0,0,0,0,0,0,0,0,0,1,0,0,0,0,1,0,0,0,1,0,0,0,0,1,0,0,0,1,0,0,0,0,0,0,1,0,0,0,1,1,1,Unicorn_Absent,21,11,Unicorn_Absent,-1,-1,0,RS,RS,RS,LEFT,410,0.93125,11,0.129032258,64,0.261592742,0.828125,0.9375,0.034482759,0.165517241,10
51433200,51439,27,51439,Absent,32,1,1,1,1,0,0,0,0,1,1,1,1,0,0,0,0,1,1,1,1,0,0,0,0,1,1,1,1,0,0,0,0,1,1,1,1,0,0,0,0,1,1,1,1,0,0,0,0,1,1,1,1,0,0,0,0,1,1,1,1,0,0,0,0,Unicorn_Present,-64,0,Unicorn_Present,6,4,5,LEFT,LEFT,LEFT,NOTHING,346,0.4,32,0.131578947,32,0.131578947,0.5,0.93125,0.129032258,0.261592742,11
51433200,51439,28,51439,Absent,0,0,0,0,0,0,0,0,0,0,0,0,0,0,0,0,0,0,0,0,0,0,0,0,0,0,0,0,0,0,0,0,0,0,0,0,0,0,0,0,0,0,0,0,0,0,0,0,0,0,0,0,0,0,0,0,0,0,0,0,0,0,0,0,0,Unicorn_Absent,32,0,Unicorn_Absent,-1,-1,2,NOTHING,NOTHING,NOTHING,NOTHING,378,1,0,0,16,0,0.25,0.4,0.131578947,0.131578947,0
51433200,51439,29,51439,Absent,0,0,0,0,0,0,0,0,0,0,0,0,0,0,0,0,0,0,0,0,0,0,0,0,0,0,0,0,0,0,0,0,0,0,0,0,0,0,0,0,0,0,0,0,0,0,0,0,0,0,0,0,0,0,0,0,0,0,0,0,0,0,0,0,0,Unicorn_Absent,32,0,Unicorn_Absent,-1,-1,2,NOTHING,NOTHING,NOTHING,NOTHING,410,1,0,1,17,0.935483871,0.265625,1,0,0,0
51433200,51439,30,51439,Present,0,0,0,0,0,0,0,0,0,0,0,0,0,0,0,0,0,0,0,0,0,0,0,0,0,0,0,0,0,0,0,0,0,0,0,0,0,0,0,0,0,0,0,0,0,0,0,0,0,0,0,0,0,0,0,0,0,0,0,0,0,0,0,0,0,Unicorn_Present,32,0,Unicorn_Present,0,0,2,NOTHING,NOTHING,NOTHING,NOTHING,442,1,0,1,31,0.8,0.484375,1,1,0.935483871,0
51433200,51439,31,51439,Absent,0,0,0,0,0,0,0,0,0,0,0,0,0,0,0,0,0,0,0,0,0,0,0,0,0,0,0,0,0,0,0,0,0,0,0,0,0,0,0,0,0,0,0,0,0,0,0,0,0,0,0,0,0,0,0,0,0,0,0,0,0,0,0,0,0,Unicorn_Absent,32,0,Unicorn_Absent,-1,-1,2,NOTHING,NOTHING,NOTHING,NOTHING,474,1,0,1,14,0.846153846,0.21875,1,1,0.8,0
51433200,51439,32,51439,Absent,0,0,0,0,0,0,0,0,0,0,0,0,0,0,0,0,0,0,0,0,0,0,0,0,0,0,0,0,0,0,0,0,0,0,0,0,0,0,0,0,0,0,0,0,0,0,0,0,0,0,0,0,0,0,0,0,0,0,0,0,0,0,0,0,0,Unicorn_Absent,32,0,Unicorn_Absent,-1,-1,2,NOTHING,NOTHING,NOTHING,NOTHING,506,1,0,1,30,0.810810811,0.46875,1,1,0.846153846,0
51433200,51439,33,51439,Absent,0,0,0,0,0,0,0,0,0,0,0,0,0,0,0,0,0,0,0,0,0,0,0,0,0,0,0,0,0,0,0,0,0,0,0,0,0,0,0,0,0,0,0,0,0,0,0,0,0,0,0,0,0,0,0,0,0,0,0,0,0,0,0,0,0,Unicorn_Present,-64,0,Unicorn_Present,5,3,2,NOTHING,NOTHING,NOTHING,NOTHING,442,0.4,0,1,34,0.72,0.53125,1,1,0.810810811,0
51433200,51439,34,51439,Absent,0,0,0,0,0,0,0,0,0,0,0,0,0,0,0,0,0,0,0,0,0,0,0,0,0,0,0,0,0,0,0,0,0,0,0,0,0,0,0,0,0,0,0,0,0,0,0,0,0,0,0,0,0,0,0,0,0,0,0,0,0,0,0,0,0,Unicorn_Present,-64,0,Unicorn_Present,5,5,2,NOTHING,NOTHING,NOTHING,LEFT,378,0.4,0,1,32,0.653061224,0.5,0.4,1,0.72,0
51433200,51439,35,51439,Present,32,1,1,1,1,0,0,0,0,1,1,1,1,0,0,0,0,1,1,1,1,0,0,0,0,1,1,1,1,0,0,0,0,1,1,1,1,0,0,0,0,1,1,1,1,0,0,0,0,1,1,1,1,0,0,0,0,1,1,1,1,0,0,0,0,Unicorn_Present,18,14,Unicorn_Present,4,3,5,LEFT,LEFT,LEFT,RS,396,0.9125,32,0,50,0.391304348,0.5625,0.4,1,0.653061224,0
51433200,51439,36,51439,Present,20,0,0,1,1,0,1,1,0,0,1,0,0,0,0,0,0,0,1,0,0,0,0,1,0,0,0,1,1,0,1,0,0,0,1,0,0,0,0,1,0,0,0,0,1,0,0,0,0,0,0,0,1,0,1,1,0,1,0,0,1,0,0,0,0,Unicorn_Present,26,6,Unicorn_Present,3,2,0,RS,RS,RS,RS,422,0.9625,18,0.282051282,32,0.013758599,0.40625,0.9125,0,0.391304348,14
51433200,51439,37,51439,Present,2,0,0,0,0,0,0,0,0,0,0,0,0,0,0,0,0,0,0,0,0,0,0,0,0,0,0,0,1,0,0,0,0,0,0,0,0,0,0,0,0,0,0,0,0,0,0,0,0,0,0,0,1,0,0,0,0,0,0,0,0,0,0,0,0,Unicorn_Present,31,1,Unicorn_Present,0,5,0,RS,RS,RS,RS,453,0.99375,2,0.111111111,22,0.302681992,0.328125,0.9625,0.282051282,0.013758599,6
51433200,51439,38,51439,Absent,40,0,0,1,1,1,0,0,0,0,0,0,1,1,0,1,1,0,0,0,1,1,0,0,1,0,1,0,1,1,0,0,1,0,0,0,0,0,0,1,1,0,1,0,0,1,1,0,1,1,1,1,1,0,1,1,0,1,1,1,0,0,0,1,0,Unicorn_Absent,18,14,Unicorn_Absent,-1,-1,0,RS,RS,RS,RS,471,0.9125,30,0.066666667,48,0.589583333,0.53125,0.99375,0.111111111,0.302681992,1
51433200,51439,39,51439,Absent,4,0,0,0,0,0,0,0,0,1,0,0,0,0,0,0,0,0,0,0,0,0,0,0,0,0,0,0,0,0,0,0,0,0,0,0,0,0,1,0,0,1,0,0,0,0,0,0,0,0,0,0,0,0,0,1,0,0,0,0,0,0,0,0,0,Unicorn_Present,-64,0,Unicorn_Present,4,4,0,RS,RS,RS,UP,407,0.4,4,0.03030303,4,0.03030303,0.0625,0.9125,0.066666667,0.589583333,14
51433200,51439,40,51439,Absent,32,1,1,1,1,1,1,1,1,1,1,1,1,1,1,1,1,1,1,1,1,1,1,1,1,1,1,1,1,1,1,1,1,0,0,0,0,0,0,0,0,0,0,0,0,0,0,0,0,0,0,0,0,0,0,0,0,0,0,0,0,0,0,0,0,Unicorn_Absent,16,16,Unicorn_Absent,-1,-1,4,UP,UP,UP,,423,0.9,32,0.028571429,48,0.028571429,0.5,0.4,0.03030303,0.03030303,0
53227954,532262,1,532262,Absent,15,0,0,0,1,1,0,0,0,0,1,0,0,0,0,0,1,0,0,0,0,0,0,0,0,0,0,0,0,1,0,0,0,0,0,0,1,0,0,0,0,0,0,0,1,1,0,1,0,0,0,0,0,0,0,0,0,1,0,1,0,0,1,0,1,Unicorn_Absent,27,5,Unicorn_Absent,-1,-1,0,RS,RS,RS,RS,27,0.96875,13,,44,,0.609375,,,,
53227954,532262,2,532262,Absent,58,1,1,1,0,1,1,1,1,1,0,0,1,1,1,1,0,0,1,1,1,0,0,1,1,0,0,1,0,1,0,1,1,1,0,0,1,0,1,1,0,1,0,1,1,1,1,1,1,0,0,1,1,0,0,1,0,1,0,1,1,1,1,1,0,Unicorn_Absent,-9,41,Unicorn_Absent,-1,-1,0,RS,RS,RS,RS,18,0.74375,41,0.2,64,0.3625,0.359375,0.96875,,,5
53227954,532262,3,532262,Absent,13,1,0,0,0,0,0,0,0,0,1,0,0,0,0,0,0,1,0,1,0,0,0,1,0,0,1,0,0,0,0,0,0,0,0,0,0,0,0,0,0,0,0,1,0,1,0,0,0,0,0,0,1,0,0,0,1,0,0,0,0,1,1,0,0,Unicorn_Absent,26,6,Unicorn_Absent,-1,-1,0,RS,RS,RS,RS,44,0.9625,12,0.177777778,39,0.337847222,0.515625,0.74375,0.2,0.3625,41
53227954,532262,4,532262,Present,1,1,0,0,0,0,0,0,0,0,0,0,0,0,0,0,0,0,0,0,0,0,0,0,0,0,0,0,0,0,0,0,0,0,0,0,0,0,0,0,0,0,0,0,0,0,0,0,0,0,0,0,0,0,0,0,0,0,0,0,0,0,0,0,0,Unicorn_Present,32,0,Unicorn_Present,0,0,5,RS,LEFT,RS,RS,76,1,1,0.083333333,1,0.083333333,0.015625,0.9625,0.177777778,0.337847222,6
53227954,532262,5,532262,Present,6,1,1,1,1,0,0,0,0,1,1,0,0,0,0,0,0,0,0,0,0,0,0,0,0,0,0,0,0,0,0,0,0,0,0,0,0,0,0,0,0,0,0,0,0,0,0,0,0,0,0,0,0,0,0,0,0,0,0,0,0,0,0,0,0,Unicorn_Present,28,4,Unicorn_Present,5,0,5,RS,LEFT,RS,RS,104,0.975,6,0.166666667,8,0.166666667,0.0625,1,0.083333333,0.083333333,0
53227954,532262,6,532262,Absent,23,0,0,0,0,0,1,1,0,0,0,0,0,0,1,0,0,0,1,1,0,0,1,1,1,0,1,0,0,1,0,0,0,0,0,0,0,0,0,0,0,0,0,1,0,0,1,0,0,1,0,0,1,1,1,0,0,0,1,0,0,0,0,0,0,Unicorn_Absent,15,17,Unicorn_Absent,-1,-1,0,RS,RS,RS,RS,119,0.89375,17,0,64,0.09375,0.734375,0.975,0.166666667,0.166666667,4
53227954,532262,7,532262,Present,9,0,0,0,0,0,0,0,0,0,0,0,0,1,1,0,0,0,0,0,1,1,0,0,0,0,0,0,0,0,0,0,0,0,0,0,0,0,0,0,0,0,0,0,1,0,0,0,1,0,0,0,0,0,0,0,1,0,0,1,0,0,0,0,0,Unicorn_Present,30,2,Unicorn_Present,6,4,0,RS,RS,RS,NOTHING,149,0.9875,8,0.041666667,14,0.083333333,0.1875,0.89375,0,0.09375,17
53227954,532262,8,532262,Absent,0,0,0,0,0,0,0,0,0,0,0,0,0,0,0,0,0,0,0,0,0,0,0,0,0,0,0,0,0,0,0,0,0,0,0,0,0,0,0,0,0,0,0,0,0,0,0,0,0,0,0,0,0,0,0,0,0,0,0,0,0,0,0,0,0,Unicorn_Absent,32,0,Unicorn_Absent,-1,-1,2,NOTHING,NOTHING,NOTHING,NOTHING,181,1,0,0,14,0.157894737,0.21875,0.9875,0.041666667,0.083333333,2
53227954,532262,9,532262,Absent,0,0,0,0,0,0,0,0,0,0,0,0,0,0,0,0,0,0,0,0,0,0,0,0,0,0,0,0,0,0,0,0,0,0,0,0,0,0,0,0,0,0,0,0,0,0,0,0,0,0,0,0,0,0,0,0,0,0,0,0,0,0,0,0,0,Unicorn_Present,-64,0,Unicorn_Present,6,3,2,NOTHING,NOTHING,NOTHING,RIGHT,117,0.4,0,1,2,0.933333333,0.03125,1,0,0.157894737,0
53227954,532262,10,532262,Absent,32,0,0,0,0,1,1,1,1,0,0,0,0,1,1,1,1,0,0,0,0,1,1,1,1,0,0,0,0,1,1,1,1,0,0,0,0,1,1,1,1,0,0,0,0,1,1,1,1,0,0,0,0,1,1,1,1,0,0,0,0,1,1,1,1,Unicorn_Absent,17,15,Unicorn_Absent,-1,-1,6,RIGHT,RIGHT,RIGHT,RS,134,0.90625,32,0,43,0.037037037,0.4375,0.4,1,0.933333333,0
53227954,532262,11,532262,Present,1,1,0,0,0,0,0,0,0,0,0,0,0,0,0,0,0,0,0,0,0,0,0,0,0,0,0,0,0,0,0,0,0,0,0,0,0,0,0,0,0,0,0,0,0,0,0,0,0,0,0,0,0,0,0,0,0,0,0,0,0,0,0,0,0,Unicorn_Present,32,0,Unicorn_Present,0,0,1,RS,ALL,RS,ALL,166,1,1,0,1,0,0.015625,0.90625,0,0.037037037,15
53227954,532262,12,532262,Absent,64,1,1,1,1,1,1,1,1,1,1,1,1,1,1,1,1,1,1,1,1,1,1,1,1,1,1,1,1,1,1,1,1,1,1,1,1,1,1,1,1,1,1,1,1,1,1,1,1,1,1,1,1,1,1,1,1,1,1,1,1,1,1,1,1,Unicorn_Absent,6,26,Unicorn_Absent,-1,-1,1,ALL,ALL,ALL,RS,172,0.8375,64,0.015625,64,0.015625,0.59375,1,0,0,0
53227954,532262,13,532262,Absent,58,1,1,1,1,1,1,0,1,1,0,0,0,0,1,1,0,1,1,0,0,0,1,1,1,1,1,1,1,0,0,0,0,0,1,1,1,0,1,1,0,0,1,0,0,1,1,0,0,0,0,1,1,1,1,0,1,0,0,1,1,0,1,1,0,Unicorn_Absent,32,0,Unicorn_Absent,-1,-1,0,RS,RS,RS,RS,204,1,36,0.5625,36,0.5625,0.5625,0.8375,0.015625,0.015625,26
53227954,532262,14,532262,Present,15,1,1,1,0,0,0,0,0,0,0,0,1,0,0,1,0,0,0,0,0,0,0,0,1,0,0,0,0,0,1,1,0,0,0,1,0,1,1,0,0,0,0,0,0,1,0,0,1,0,0,0,1,0,0,0,0,0,0,0,0,0,0,0,0,Unicorn_Present,32,0,Unicorn_Present,3,6,0,RS,RS,RS,RS,236,1,14,0.219512195,14,0.780487805,0.21875,1,0.5625,0.5625,0
53227954,532262,15,532262,Absent,29,1,1,0,1,1,0,0,0,1,0,0,1,0,0,1,1,0,0,0,0,1,1,0,0,0,1,0,1,0,1,0,0,1,1,1,1,0,0,1,1,0,0,1,0,0,0,1,0,0,0,1,0,1,1,0,0,0,0,0,0,0,0,0,1,Unicorn_Absent,32,0,Unicorn_Absent,-1,-1,0,RS,RS,RS,RS,268,1,25,0.181818182,25,0.818181818,0.390625,1,0.219512195,0.780487805,0
53227954,532262,16,532262,Present,9,0,0,1,0,0,0,0,0,0,0,0,1,0,0,0,0,0,0,0,0,0,0,0,0,0,0,0,0,0,0,1,0,0,0,0,1,0,0,0,0,1,0,0,1,0,0,1,0,1,0,0,0,0,0,0,0,0,0,1,0,0,0,0,0,Unicorn_Present,32,0,Unicorn_Present,6,3,0,RS,RS,RS,RS,300,1,9,0.096774194,9,0.903225806,0.140625,1,0.181818182,0.818181818,0
53227954,532262,17,532262,Present,2,0,0,0,0,0,0,0,0,0,0,0,0,0,0,0,0,0,0,0,0,0,0,0,0,0,0,1,0,0,0,0,0,0,0,0,0,0,0,0,0,0,0,0,0,0,0,0,0,0,0,0,1,0,0,0,0,0,0,0,0,0,0,0,0,Unicorn_Present,32,0,Unicorn_Present,3,6,0,RS,RS,RS,RS,332,1,2,0,2,1,0.03125,1,0.096774194,0.903225806,0
53227954,532262,18,532262,Absent,42,1,1,0,1,0,0,0,1,0,1,1,1,1,0,1,0,0,0,0,1,0,0,1,1,0,0,0,0,0,1,1,0,0,1,1,1,1,0,0,0,1,1,1,1,1,0,0,1,0,1,0,0,0,1,0,1,0,0,1,1,0,1,0,0,Unicorn_Present,-64,0,Unicorn_Present,2,3,0,RS,RS,RS,RS,268,0.4,30,0,30,1,0.46875,1,0,1,0
53227954,532262,19,532262,Absent,9,0,0,0,0,0,0,0,0,0,0,0,0,1,1,0,0,0,0,0,0,0,0,0,0,0,0,0,0,1,1,0,0,1,0,0,0,0,1,0,0,0,0,0,0,0,0,0,0,0,0,0,0,0,0,0,1,1,0,0,0,0,0,0,0,Unicorn_Present,-64,0,Unicorn_Present,7,1,0,RS,RS,RS,NOTHING,204,0.4,8,0.085714286,8,0.914285714,0.125,0.4,0,1,0
53227954,532262,20,532262,Absent,0,0,0,0,0,0,0,0,0,0,0,0,0,0,0,0,0,0,0,0,0,0,0,0,0,0,0,0,0,0,0,0,0,0,0,0,0,0,0,0,0,0,0,0,0,0,0,0,0,0,0,0,0,0,0,0,0,0,0,0,0,0,0,0,0,Unicorn_Absent,32,0,Unicorn_Absent,-1,-1,2,NOTHING,NOTHING,NOTHING,NOTHING,236,1,0,0,15,0,0.234375,0.4,0.085714286,0.914285714,0
53227954,532262,21,532262,Absent,0,0,0,0,0,0,0,0,0,0,0,0,0,0,0,0,0,0,0,0,0,0,0,0,0,0,0,0,0,0,0,0,0,0,0,0,0,0,0,0,0,0,0,0,0,0,0,0,0,0,0,0,0,0,0,0,0,0,0,0,0,0,0,0,0,Unicorn_Present,-64,0,Unicorn_Present,2,7,2,NOTHING,NOTHING,NOTHING,RS,172,0.4,0,1,22,0.766666667,0.34375,1,0,0,0
53227954,532262,22,532262,Absent,40,1,0,1,0,1,0,0,1,0,0,0,1,1,0,0,0,1,0,1,1,0,0,1,0,0,1,0,1,0,1,0,0,1,1,0,1,0,0,0,0,0,1,1,0,0,1,0,0,1,1,1,1,1,1,0,0,0,0,1,0,1,0,1,1,Unicorn_Absent,14,18,Unicorn_Absent,-1,-1,0,RS,RS,RS,NOTHING,186,0.8875,29,0,43,0.227272727,0.390625,0.4,1,0.766666667,0
53227954,532262,23,532262,Present,0,0,0,0,0,0,0,0,0,0,0,0,0,0,0,0,0,0,0,0,0,0,0,0,0,0,0,0,0,0,0,0,0,0,0,0,0,0,0,0,0,0,0,0,0,0,0,0,0,0,0,0,0,0,0,0,0,0,0,0,0,0,0,0,0,Unicorn_Present,32,0,Unicorn_Present,2,0,2,NOTHING,NOTHING,NOTHING,NOTHING,218,1,0,0,3,0.09375,0.046875,0.8875,0,0.227272727,18
53227954,532262,24,532262,Absent,0,0,0,0,0,0,0,0,0,0,0,0,0,0,0,0,0,0,0,0,0,0,0,0,0,0,0,0,0,0,0,0,0,0,0,0,0,0,0,0,0,0,0,0,0,0,0,0,0,0,0,0,0,0,0,0,0,0,0,0,0,0,0,0,0,Unicorn_Absent,32,0,Unicorn_Absent,-1,-1,2,NOTHING,NOTHING,NOTHING,NOTHING,250,1,0,1,32,0.90625,0.5,1,0,0.09375,0
53227954,532262,25,532262,Present,0,0,0,0,0,0,0,0,0,0,0,0,0,0,0,0,0,0,0,0,0,0,0,0,0,0,0,0,0,0,0,0,0,0,0,0,0,0,0,0,0,0,0,0,0,0,0,0,0,0,0,0,0,0,0,0,0,0,0,0,0,0,0,0,0,Unicorn_Present,32,0,Unicorn_Present,0,5,2,NOTHING,NOTHING,NOTHING,NOTHING,282,1,0,1,21,0.34375,0.328125,1,1,0.90625,0
53227954,532262,26,532262,Present,0,0,0,0,0,0,0,0,0,0,0,0,0,0,0,0,0,0,0,0,0,0,0,0,0,0,0,0,0,0,0,0,0,0,0,0,0,0,0,0,0,0,0,0,0,0,0,0,0,0,0,0,0,0,0,0,0,0,0,0,0,0,0,0,0,Unicorn_Present,32,0,Unicorn_Present,0,2,2,NOTHING,NOTHING,NOTHING,NOTHING,314,1,0,1,9,0.571428571,0.140625,1,1,0.34375,0
53227954,532262,27,532262,Absent,0,0,0,0,0,0,0,0,0,0,0,0,0,0,0,0,0,0,0,0,0,0,0,0,0,0,0,0,0,0,0,0,0,0,0,0,0,0,0,0,0,0,0,0,0,0,0,0,0,0,0,0,0,0,0,0,0,0,0,0,0,0,0,0,0,Unicorn_Present,-64,0,Unicorn_Present,5,1,2,NOTHING,NOTHING,NOTHING,DOWN,250,0.4,0,1,32,0.71875,0.5,1,1,0.571428571,0
53227954,532262,28,532262,Absent,32,0,0,0,0,0,0,0,0,0,0,0,0,0,0,0,0,0,0,0,0,0,0,0,0,0,0,0,0,0,0,0,0,1,1,1,1,1,1,1,1,1,1,1,1,1,1,1,1,1,1,1,1,1,1,1,1,1,1,1,1,1,1,1,1,Unicorn_Absent,32,0,Unicorn_Absent,-1,-1,3,DOWN,DOWN,DOWN,DOWN,282,1,32,0,32,0,0.5,0.4,1,0.71875,0
53227954,532262,29,532262,Absent,32,0,0,0,0,0,0,0,0,0,0,0,0,0,0,0,0,0,0,0,0,0,0,0,0,0,0,0,0,0,0,0,0,1,1,1,1,1,1,1,1,1,1,1,1,1,1,1,1,1,1,1,1,1,1,1,1,1,1,1,1,1,1,1,1,Unicorn_Absent,32,0,Unicorn_Absent,-1,-1,3,DOWN,DOWN,DOWN,DOWN,314,1,32,1,32,0,0.5,1,0,0,0
53227954,532262,30,532262,Absent,32,0,0,0,0,0,0,0,0,0,0,0,0,0,0,0,0,0,0,0,0,0,0,0,0,0,0,0,0,0,0,0,0,1,1,1,1,1,1,1,1,1,1,1,1,1,1,1,1,1,1,1,1,1,1,1,1,1,1,1,1,1,1,1,1,Unicorn_Absent,32,0,Unicorn_Absent,-1,-1,3,DOWN,DOWN,DOWN,DOWN,346,1,32,1,32,0,0.5,1,1,0,0
53227954,532262,31,532262,Absent,32,0,0,0,0,0,0,0,0,0,0,0,0,0,0,0,0,0,0,0,0,0,0,0,0,0,0,0,0,0,0,0,0,1,1,1,1,1,1,1,1,1,1,1,1,1,1,1,1,1,1,1,1,1,1,1,1,1,1,1,1,1,1,1,1,Unicorn_Absent,32,0,Unicorn_Absent,-1,-1,3,DOWN,DOWN,DOWN,DOWN,378,1,32,1,32,0,0.5,1,1,0,0
53227954,532262,32,532262,Absent,32,0,0,0,0,0,0,0,0,0,0,0,0,0,0,0,0,0,0,0,0,0,0,0,0,0,0,0,0,0,0,0,0,1,1,1,1,1,1,1,1,1,1,1,1,1,1,1,1,1,1,1,1,1,1,1,1,1,1,1,1,1,1,1,1,Unicorn_Absent,32,0,Unicorn_Absent,-1,-1,3,DOWN,DOWN,DOWN,DOWN,410,1,32,1,32,0,0.5,1,1,0,0
53227954,532262,33,532262,Absent,32,0,0,0,0,0,0,0,0,0,0,0,0,0,0,0,0,0,0,0,0,0,0,0,0,0,0,0,0,0,0,0,0,1,1,1,1,1,1,1,1,1,1,1,1,1,1,1,1,1,1,1,1,1,1,1,1,1,1,1,1,1,1,1,1,Unicorn_Absent,32,0,Unicorn_Absent,-1,-1,3,DOWN,DOWN,DOWN,DOWN,442,1,32,1,32,0,0.5,1,1,0,0
53227954,532262,34,532262,Absent,32,0,0,0,0,0,0,0,0,0,0,0,0,0,0,0,0,0,0,0,0,0,0,0,0,0,0,0,0,0,0,0,0,1,1,1,1,1,1,1,1,1,1,1,1,1,1,1,1,1,1,1,1,1,1,1,1,1,1,1,1,1,1,1,1,Unicorn_Absent,32,0,Unicorn_Absent,-1,-1,3,DOWN,DOWN,DOWN,DOWN,474,1,32,1,32,0,0.5,1,1,0,0
53227954,532262,35,532262,Absent,32,0,0,0,0,0,0,0,0,0,0,0,0,0,0,0,0,0,0,0,0,0,0,0,0,0,0,0,0,0,0,0,0,1,1,1,1,1,1,1,1,1,1,1,1,1,1,1,1,1,1,1,1,1,1,1,1,1,1,1,1,1,1,1,1,Unicorn_Absent,32,0,Unicorn_Absent,-1,-1,3,DOWN,DOWN,DOWN,DOWN,506,1,32,1,32,0,0.5,1,1,0,0
53227954,532262,36,532262,Absent,32,0,0,0,0,0,0,0,0,0,0,0,0,0,0,0,0,0,0,0,0,0,0,0,0,0,0,0,0,0,0,0,0,1,1,1,1,1,1,1,1,1,1,1,1,1,1,1,1,1,1,1,1,1,1,1,1,1,1,1,1,1,1,1,1,Unicorn_Absent,32,0,Unicorn_Absent,-1,-1,3,DOWN,DOWN,DOWN,DOWN,538,1,32,1,32,0,0.5,1,1,0,0
53227954,532262,37,532262,Absent,32,0,0,0,0,0,0,0,0,0,0,0,0,0,0,0,0,0,0,0,0,0,0,0,0,0,0,0,0,0,0,0,0,1,1,1,1,1,1,1,1,1,1,1,1,1,1,1,1,1,1,1,1,1,1,1,1,1,1,1,1,1,1,1,1,Unicorn_Absent,32,0,Unicorn_Absent,-1,-1,3,DOWN,DOWN,DOWN,RS,570,1,32,1,32,0,0.5,1,1,0,0
53227954,532262,38,532262,Present,7,0,0,0,0,0,0,0,0,0,0,0,0,0,0,0,0,0,0,0,0,0,0,0,0,0,0,0,0,0,0,0,0,1,1,1,1,1,1,1,0,0,0,0,0,0,0,0,0,0,0,0,0,0,0,0,0,0,0,0,0,0,0,0,0,Unicorn_Present,32,0,Unicorn_Present,6,4,3,RS,DOWN,RS,DOWN,602,1,7,0.21875,7,0.78125,0.109375,1,1,0,0
53227954,532262,39,532262,Absent,32,0,0,0,0,0,0,0,0,0,0,0,0,0,0,0,0,0,0,0,0,0,0,0,0,0,0,0,0,0,0,0,0,1,1,1,1,1,1,1,1,1,1,1,1,1,1,1,1,1,1,1,1,1,1,1,1,1,1,1,1,1,1,1,1,Unicorn_Absent,32,0,Unicorn_Absent,-1,-1,3,DOWN,DOWN,DOWN,DOWN,634,1,32,0.21875,32,0.78125,0.5,1,0.21875,0.78125,0
53227954,532262,40,532262,Absent,32,0,0,0,0,0,0,0,0,0,0,0,0,0,0,0,0,0,0,0,0,0,0,0,0,0,0,0,0,0,0,0,0,1,1,1,1,1,1,1,1,1,1,1,1,1,1,1,1,1,1,1,1,1,1,1,1,1,1,1,1,1,1,1,1,Unicorn_Absent,32,0,Unicorn_Absent,-1,-1,3,DOWN,DOWN,DOWN,,666,1,32,1,32,0,0.5,1,0.21875,0.78125,0
53227954,795482,1,795482,Absent,48,0,0,0,0,0,1,1,0,0,0,1,0,1,0,1,0,1,0,1,1,1,1,1,1,0,1,1,0,0,1,1,1,0,0,1,1,0,0,1,0,1,1,1,1,0,1,1,0,1,1,1,0,0,1,1,1,1,1,0,0,1,0,0,1,Unicorn_Absent,27,5,Unicorn_Absent,-1,-1,9,RS,RS,RS,ALL,27,0.96875,36,,44,,0.609375,,,,
53227954,795482,2,795482,Absent,64,1,1,1,1,1,1,1,1,1,1,1,1,1,1,1,1,1,1,1,1,1,1,1,1,1,1,1,1,1,1,1,1,1,1,1,1,1,1,1,1,1,1,1,1,1,1,1,1,1,1,1,1,1,1,1,1,1,1,1,1,1,1,1,1,Unicorn_Absent,-9,41,Unicorn_Absent,-1,-1,1,ALL,ALL,ALL,RS,18,0.74375,64,0.5625,64,0.3625,0.359375,0.96875,,,5
53227954,795482,3,795482,Absent,41,1,0,1,1,0,0,0,1,0,1,1,0,0,0,0,1,1,1,1,1,0,0,0,0,0,1,1,0,1,0,0,0,1,1,1,1,0,0,0,0,0,1,1,1,0,0,0,1,0,1,1,0,1,1,1,0,1,1,1,1,0,0,1,1,Unicorn_Absent,26,6,Unicorn_Absent,-1,-1,9,RS,RS,RS,NOTHING,44,0.9625,33,0.515625,39,0.337847222,0.515625,0.74375,0.5625,0.3625,41
53227954,795482,4,795482,Present,0,0,0,0,0,0,0,0,0,0,0,0,0,0,0,0,0,0,0,0,0,0,0,0,0,0,0,0,0,0,0,0,0,0,0,0,0,0,0,0,0,0,0,0,0,0,0,0,0,0,0,0,0,0,0,0,0,0,0,0,0,0,0,0,0,Unicorn_Present,32,0,Unicorn_Present,0,0,4,NOTHING,UP,NOTHING,RS,76,1,0,0,1,0.083333333,0.015625,0.9625,0.515625,0.337847222,6
53227954,795482,5,795482,Present,6,1,1,1,1,1,1,0,0,0,0,0,0,0,0,0,0,0,0,0,0,0,0,0,0,0,0,0,0,0,0,0,0,0,0,0,0,0,0,0,0,0,0,0,0,0,0,0,0,0,0,0,0,0,0,0,0,0,0,0,0,0,0,0,0,Unicorn_Present,28,4,Unicorn_Present,5,0,4,RS,UP,RS,ALL,104,0.975,6,0,8,0.166666667,0.0625,1,0,0.083333333,0
53227954,795482,6,795482,Absent,64,1,1,1,1,1,1,1,1,1,1,1,1,1,1,1,1,1,1,1,1,1,1,1,1,1,1,1,1,1,1,1,1,1,1,1,1,1,1,1,1,1,1,1,1,1,1,1,1,1,1,1,1,1,1,1,1,1,1,1,1,1,1,1,1,Unicorn_Absent,15,17,Unicorn_Absent,-1,-1,1,ALL,ALL,ALL,RS,119,0.89375,64,0.09375,64,0.09375,0.734375,0.975,0,0.166666667,4
53227954,795482,7,795482,Present,9,0,0,0,0,1,1,0,0,0,0,0,0,0,1,0,1,0,0,0,0,1,0,0,0,0,0,0,0,0,0,0,0,1,0,1,0,0,0,1,0,0,0,0,0,0,0,0,0,0,0,0,0,0,0,0,0,0,0,0,0,0,0,0,0,Unicorn_Present,30,2,Unicorn_Present,6,4,9,RS,RS,RS,RS,149,0.9875,8,0.125,14,0.083333333,0.1875,0.89375,0.09375,0.09375,17
53227954,795482,8,795482,Absent,14,0,0,0,1,1,1,0,0,0,0,0,0,0,0,0,0,0,0,1,0,0,0,0,1,0,1,1,0,0,0,0,0,0,1,1,0,0,0,0,1,0,0,0,0,1,0,0,1,0,0,1,0,0,0,0,0,0,0,0,1,0,0,0,0,Unicorn_Absent,32,0,Unicorn_Absent,-1,-1,9,RS,RS,RS,RS,181,1,14,0.157894737,14,0.157894737,0.21875,0.9875,0.125,0.083333333,2
53227954,795482,9,795482,Absent,2,0,0,1,0,0,0,0,0,0,0,0,0,0,0,0,0,0,0,1,0,0,0,0,0,0,0,0,0,0,0,0,0,0,0,0,0,0,0,0,0,0,0,0,0,0,0,0,0,0,0,0,0,0,0,0,0,0,0,0,0,0,0,0,0,Unicorn_Present,-64,0,Unicorn_Present,6,3,9,RS,RS,RS,RS,117,0.4,2,0.066666667,2,0.933333333,0.03125,1,0.157894737,0.157894737,0
53227954,795482,10,795482,Absent,36,0,1,1,1,0,1,0,1,0,0,1,0,0,1,1,0,0,1,0,0,1,0,1,0,1,0,1,0,0,0,1,0,0,0,0,0,1,0,1,1,0,1,0,1,1,0,1,0,0,0,0,0,0,1,0,0,1,0,1,0,0,0,1,1,Unicorn_Absent,17,15,Unicorn_Absent,-1,-1,9,RS,RS,RS,NOTHING,134,0.90625,26,0.037037037,43,0.037037037,0.4375,0.4,0.066666667,0.933333333,0
53227954,795482,11,795482,Present,0,0,0,0,0,0,0,0,0,0,0,0,0,0,0,0,0,0,0,0,0,0,0,0,0,0,0,0,0,0,0,0,0,0,0,0,0,0,0,0,0,0,0,0,0,0,0,0,0,0,0,0,0,0,0,0,0,0,0,0,0,0,0,0,0,Unicorn_Present,32,0,Unicorn_Present,0,0,9,NOTHING,RS,NOTHING,RS,166,1,0,0,1,0,0.015625,0.90625,0.037037037,0.037037037,15
53227954,795482,12,795482,Absent,32,0,0,0,1,0,1,1,0,0,0,1,1,1,0,0,0,0,1,0,1,1,1,0,0,0,1,0,1,1,1,0,1,0,1,0,0,0,1,0,0,1,0,0,0,1,1,0,1,0,1,0,0,0,0,0,1,1,0,0,0,0,1,1,0,Unicorn_Absent,6,26,Unicorn_Absent,-1,-1,9,RS,RS,RS,NOTHING,172,0.8375,26,0,64,0.015625,0.59375,1,0,0,0
53227954,795482,13,795482,Absent,0,0,0,0,0,0,0,0,0,0,0,0,0,0,0,0,0,0,0,0,0,0,0,0,0,0,0,0,0,0,0,0,0,0,0,0,0,0,0,0,0,0,0,0,0,0,0,0,0,0,0,0,0,0,0,0,0,0,0,0,0,0,0,0,0,Unicorn_Absent,32,0,Unicorn_Absent,-1,-1,2,NOTHING,NOTHING,NOTHING,NOTHING,204,1,0,0,36,0.5625,0.5625,0.8375,0,0.015625,26
53227954,795482,14,795482,Present,0,0,0,0,0,0,0,0,0,0,0,0,0,0,0,0,0,0,0,0,0,0,0,0,0,0,0,0,0,0,0,0,0,0,0,0,0,0,0,0,0,0,0,0,0,0,0,0,0,0,0,0,0,0,0,0,0,0,0,0,0,0,0,0,0,Unicorn_Present,32,0,Unicorn_Present,3,6,2,NOTHING,NOTHING,NOTHING,NOTHING,236,1,0,1,14,0.780487805,0.21875,1,0,0.5625,0
53227954,795482,15,795482,Absent,0,0,0,0,0,0,0,0,0,0,0,0,0,0,0,0,0,0,0,0,0,0,0,0,0,0,0,0,0,0,0,0,0,0,0,0,0,0,0,0,0,0,0,0,0,0,0,0,0,0,0,0,0,0,0,0,0,0,0,0,0,0,0,0,0,Unicorn_Absent,32,0,Unicorn_Absent,-1,-1,2,NOTHING,NOTHING,NOTHING,NOTHING,268,1,0,1,25,0.818181818,0.390625,1,1,0.780487805,0
53227954,795482,16,795482,Present,0,0,0,0,0,0,0,0,0,0,0,0,0,0,0,0,0,0,0,0,0,0,0,0,0,0,0,0,0,0,0,0,0,0,0,0,0,0,0,0,0,0,0,0,0,0,0,0,0,0,0,0,0,0,0,0,0,0,0,0,0,0,0,0,0,Unicorn_Present,32,0,Unicorn_Present,6,3,2,NOTHING,NOTHING,NOTHING,NOTHING,300,1,0,1,9,0.903225806,0.140625,1,1,0.818181818,0
53227954,795482,17,795482,Present,0,0,0,0,0,0,0,0,0,0,0,0,0,0,0,0,0,0,0,0,0,0,0,0,0,0,0,0,0,0,0,0,0,0,0,0,0,0,0,0,0,0,0,0,0,0,0,0,0,0,0,0,0,0,0,0,0,0,0,0,0,0,0,0,0,Unicorn_Present,32,0,Unicorn_Present,3,6,2,NOTHING,NOTHING,NOTHING,NOTHING,332,1,0,1,2,1,0.03125,1,1,0.903225806,0
53227954,795482,18,795482,Absent,0,0,0,0,0,0,0,0,0,0,0,0,0,0,0,0,0,0,0,0,0,0,0,0,0,0,0,0,0,0,0,0,0,0,0,0,0,0,0,0,0,0,0,0,0,0,0,0,0,0,0,0,0,0,0,0,0,0,0,0,0,0,0,0,0,Unicorn_Present,-64,0,Unicorn_Present,2,3,2,NOTHING,NOTHING,NOTHING,NOTHING,268,0.4,0,1,30,1,0.46875,1,1,1,0
53227954,795482,19,795482,Absent,0,0,0,0,0,0,0,0,0,0,0,0,0,0,0,0,0,0,0,0,0,0,0,0,0,0,0,0,0,0,0,0,0,0,0,0,0,0,0,0,0,0,0,0,0,0,0,0,0,0,0,0,0,0,0,0,0,0,0,0,0,0,0,0,0,Unicorn_Present,-64,0,Unicorn_Present,7,1,2,NOTHING,NOTHING,NOTHING,RS,204,0.4,0,1,8,0.914285714,0.125,0.4,1,1,0
53227954,795482,20,795482,Absent,22,0,1,0,0,0,0,1,0,1,0,1,1,0,0,0,1,0,0,0,0,0,1,0,1,0,0,0,0,1,0,0,0,0,0,0,0,1,1,0,0,0,1,0,0,0,0,0,0,0,0,0,0,0,1,0,0,0,0,0,0,1,0,0,1,Unicorn_Absent,32,0,Unicorn_Absent,-1,-1,9,RS,RS,RS,RS,236,1,15,0,15,0,0.234375,0.4,1,0.914285714,0
53227954,795482,21,795482,Absent,27,0,1,0,0,1,1,0,1,0,0,1,0,0,0,0,1,1,0,1,0,0,0,0,0,0,1,0,0,1,0,0,1,0,0,0,0,0,1,1,0,0,0,1,0,0,0,0,0,1,1,1,1,0,1,0,0,0,0,0,0,1,1,1,0,Unicorn_Present,-64,0,Unicorn_Present,2,7,9,RS,RS,RS,LEFT,172,0.4,22,0.233333333,22,0.766666667,0.34375,1,0,0,0
53227954,795482,22,795482,Absent,32,1,1,1,1,0,0,0,0,1,1,1,1,0,0,0,0,1,1,1,1,0,0,0,0,1,1,1,1,0,0,0,0,1,1,1,1,0,0,0,0,1,1,1,1,0,0,0,0,1,1,1,1,0,0,0,0,1,1,1,1,0,0,0,0,Unicorn_Absent,14,18,Unicorn_Absent,-1,-1,5,LEFT,LEFT,LEFT,RS,186,0.8875,32,0.227272727,43,0.227272727,0.390625,0.4,0.233333333,0.766666667,0
53227954,795482,23,795482,Present,3,1,1,1,0,0,0,0,0,0,0,0,0,0,0,0,0,0,0,0,0,0,0,0,0,0,0,0,0,0,0,0,0,0,0,0,0,0,0,0,0,0,0,0,0,0,0,0,0,0,0,0,0,0,0,0,0,0,0,0,0,0,0,0,0,Unicorn_Present,32,0,Unicorn_Present,2,0,5,RS,LEFT,RS,LEFT,218,1,3,0.09375,3,0.09375,0.046875,0.8875,0.227272727,0.227272727,18
53227954,795482,24,795482,Absent,32,1,1,1,1,0,0,0,0,1,1,1,1,0,0,0,0,1,1,1,1,0,0,0,0,1,1,1,1,0,0,0,0,1,1,1,1,0,0,0,0,1,1,1,1,0,0,0,0,1,1,1,1,0,0,0,0,1,1,1,1,0,0,0,0,Unicorn_Absent,32,0,Unicorn_Absent,-1,-1,5,LEFT,LEFT,LEFT,RS,250,1,32,0.09375,32,0.90625,0.5,1,0.09375,0.09375,0
53227954,795482,25,795482,Present,21,1,1,1,1,0,0,0,0,1,1,1,1,0,0,0,0,1,1,1,1,0,0,0,0,1,1,1,1,0,0,0,0,1,1,1,1,0,0,0,0,1,0,0,0,0,0,0,0,0,0,0,0,0,0,0,0,0,0,0,0,0,0,0,0,Unicorn_Present,32,0,Unicorn_Present,0,5,5,RS,LEFT,RS,RS,282,1,21,0.65625,21,0.34375,0.328125,1,0.09375,0.90625,0
53227954,795482,26,795482,Present,9,1,1,1,1,0,0,0,0,1,1,1,1,0,0,0,0,1,0,0,0,0,0,0,0,0,0,0,0,0,0,0,0,0,0,0,0,0,0,0,0,0,0,0,0,0,0,0,0,0,0,0,0,0,0,0,0,0,0,0,0,0,0,0,0,Unicorn_Present,32,0,Unicorn_Present,0,2,5,RS,LEFT,RS,LEFT,314,1,9,0.428571429,9,0.571428571,0.140625,1,0.65625,0.34375,0
53227954,795482,27,795482,Absent,32,1,1,1,1,0,0,0,0,1,1,1,1,0,0,0,0,1,1,1,1,0,0,0,0,1,1,1,1,0,0,0,0,1,1,1,1,0,0,0,0,1,1,1,1,0,0,0,0,1,1,1,1,0,0,0,0,1,1,1,1,0,0,0,0,Unicorn_Present,-64,0,Unicorn_Present,5,1,5,LEFT,LEFT,LEFT,NOTHING,250,0.4,32,0.28125,32,0.71875,0.5,1,0.428571429,0.571428571,0
53227954,795482,28,795482,Absent,0,0,0,0,0,0,0,0,0,0,0,0,0,0,0,0,0,0,0,0,0,0,0,0,0,0,0,0,0,0,0,0,0,0,0,0,0,0,0,0,0,0,0,0,0,0,0,0,0,0,0,0,0,0,0,0,0,0,0,0,0,0,0,0,0,Unicorn_Absent,32,0,Unicorn_Absent,-1,-1,2,NOTHING,NOTHING,NOTHING,NOTHING,282,1,0,0,32,0,0.5,0.4,0.28125,0.71875,0
53227954,795482,29,795482,Absent,0,0,0,0,0,0,0,0,0,0,0,0,0,0,0,0,0,0,0,0,0,0,0,0,0,0,0,0,0,0,0,0,0,0,0,0,0,0,0,0,0,0,0,0,0,0,0,0,0,0,0,0,0,0,0,0,0,0,0,0,0,0,0,0,0,Unicorn_Absent,32,0,Unicorn_Absent,-1,-1,2,NOTHING,NOTHING,NOTHING,NOTHING,314,1,0,1,32,0,0.5,1,0,0,0
53227954,795482,30,795482,Absent,0,0,0,0,0,0,0,0,0,0,0,0,0,0,0,0,0,0,0,0,0,0,0,0,0,0,0,0,0,0,0,0,0,0,0,0,0,0,0,0,0,0,0,0,0,0,0,0,0,0,0,0,0,0,0,0,0,0,0,0,0,0,0,0,0,Unicorn_Absent,32,0,Unicorn_Absent,-1,-1,2,NOTHING,NOTHING,NOTHING,NOTHING,346,1,0,1,32,0,0.5,1,1,0,0
53227954,795482,31,795482,Absent,0,0,0,0,0,0,0,0,0,0,0,0,0,0,0,0,0,0,0,0,0,0,0,0,0,0,0,0,0,0,0,0,0,0,0,0,0,0,0,0,0,0,0,0,0,0,0,0,0,0,0,0,0,0,0,0,0,0,0,0,0,0,0,0,0,Unicorn_Absent,32,0,Unicorn_Absent,-1,-1,2,NOTHING,NOTHING,NOTHING,NOTHING,378,1,0,1,32,0,0.5,1,1,0,0
53227954,795482,32,795482,Absent,0,0,0,0,0,0,0,0,0,0,0,0,0,0,0,0,0,0,0,0,0,0,0,0,0,0,0,0,0,0,0,0,0,0,0,0,0,0,0,0,0,0,0,0,0,0,0,0,0,0,0,0,0,0,0,0,0,0,0,0,0,0,0,0,0,Unicorn_Absent,32,0,Unicorn_Absent,-1,-1,2,NOTHING,NOTHING,NOTHING,NOTHING,410,1,0,1,32,0,0.5,1,1,0,0
53227954,795482,33,795482,Absent,0,0,0,0,0,0,0,0,0,0,0,0,0,0,0,0,0,0,0,0,0,0,0,0,0,0,0,0,0,0,0,0,0,0,0,0,0,0,0,0,0,0,0,0,0,0,0,0,0,0,0,0,0,0,0,0,0,0,0,0,0,0,0,0,0,Unicorn_Absent,32,0,Unicorn_Absent,-1,-1,2,NOTHING,NOTHING,NOTHING,NOTHING,442,1,0,1,32,0,0.5,1,1,0,0
53227954,795482,34,795482,Absent,0,0,0,0,0,0,0,0,0,0,0,0,0,0,0,0,0,0,0,0,0,0,0,0,0,0,0,0,0,0,0,0,0,0,0,0,0,0,0,0,0,0,0,0,0,0,0,0,0,0,0,0,0,0,0,0,0,0,0,0,0,0,0,0,0,Unicorn_Absent,32,0,Unicorn_Absent,-1,-1,2,NOTHING,NOTHING,NOTHING,NOTHING,474,1,0,1,32,0,0.5,1,1,0,0
53227954,795482,35,795482,Absent,0,0,0,0,0,0,0,0,0,0,0,0,0,0,0,0,0,0,0,0,0,0,0,0,0,0,0,0,0,0,0,0,0,0,0,0,0,0,0,0,0,0,0,0,0,0,0,0,0,0,0,0,0,0,0,0,0,0,0,0,0,0,0,0,0,Unicorn_Absent,32,0,Unicorn_Absent,-1,-1,2,NOTHING,NOTHING,NOTHING,NOTHING,506,1,0,1,32,0,0.5,1,1,0,0
53227954,795482,36,795482,Absent,0,0,0,0,0,0,0,0,0,0,0,0,0,0,0,0,0,0,0,0,0,0,0,0,0,0,0,0,0,0,0,0,0,0,0,0,0,0,0,0,0,0,0,0,0,0,0,0,0,0,0,0,0,0,0,0,0,0,0,0,0,0,0,0,0,Unicorn_Absent,32,0,Unicorn_Absent,-1,-1,2,NOTHING,NOTHING,NOTHING,NOTHING,538,1,0,1,32,0,0.5,1,1,0,0
53227954,795482,37,795482,Absent,0,0,0,0,0,0,0,0,0,0,0,0,0,0,0,0,0,0,0,0,0,0,0,0,0,0,0,0,0,0,0,0,0,0,0,0,0,0,0,0,0,0,0,0,0,0,0,0,0,0,0,0,0,0,0,0,0,0,0,0,0,0,0,0,0,Unicorn_Absent,32,0,Unicorn_Absent,-1,-1,2,NOTHING,NOTHING,NOTHING,NOTHING,570,1,0,1,32,0,0.5,1,1,0,0
53227954,795482,38,795482,Present,0,0,0,0,0,0,0,0,0,0,0,0,0,0,0,0,0,0,0,0,0,0,0,0,0,0,0,0,0,0,0,0,0,0,0,0,0,0,0,0,0,0,0,0,0,0,0,0,0,0,0,0,0,0,0,0,0,0,0,0,0,0,0,0,0,Unicorn_Present,32,0,Unicorn_Present,6,4,2,NOTHING,NOTHING,NOTHING,NOTHING,602,1,0,1,7,0.78125,0.109375,1,1,0,0
53227954,795482,39,795482,Absent,0,0,0,0,0,0,0,0,0,0,0,0,0,0,0,0,0,0,0,0,0,0,0,0,0,0,0,0,0,0,0,0,0,0,0,0,0,0,0,0,0,0,0,0,0,0,0,0,0,0,0,0,0,0,0,0,0,0,0,0,0,0,0,0,0,Unicorn_Absent,32,0,Unicorn_Absent,-1,-1,2,NOTHING,NOTHING,NOTHING,NOTHING,634,1,0,1,32,0.78125,0.5,1,1,0.78125,0
53227954,795482,40,795482,Absent,0,0,0,0,0,0,0,0,0,0,0,0,0,0,0,0,0,0,0,0,0,0,0,0,0,0,0,0,0,0,0,0,0,0,0,0,0,0,0,0,0,0,0,0,0,0,0,0,0,0,0,0,0,0,0,0,0,0,0,0,0,0,0,0,0,Unicorn_Absent,32,0,Unicorn_Absent,-1,-1,2,NOTHING,NOTHING,NOTHING,,666,1,0,1,32,0,0.5,1,1,0.78125,0